,country,date,email,first_name,gender,id,ip_address,last_name
0,France,06/05/2018,bkittel0@printfriendly.com,Barthel,Male,1,130.187.82.195,Kittel
1,Philippines,23/02/2018,ldrain1@earthlink.net,Loy,Male,2,218.176.26.2,Drain
2,China,27/08/2018,wbacchus2@1688.com,Wilhelm,Male,3,50.76.199.147,Bacchus
3,China,21/11/2017,mpaynton3@marriott.com,Megen,Female,4,38.166.3.43,Paynton
4,China,23/10/2017,hgaylard4@apple.com,Helli,Female,5,76.167.186.208,Gaylard
5,Bolivia,25/05/2018,arevens5@webeden.co.uk,Adriane,Female,6,67.154.2.52,Revens
6,China,01/07/2018,gyakubowicz6@fda.gov,Ginger,Female,7,233.164.253.51,Yakubowicz
7,China,19/11/2017,tlinturn7@illinois.edu,Teador,Male,8,172.131.27.254,Linturn
8,Philippines,23/10/2017,sattwood8@npr.org,Sophi,Female,9,17.66.165.124,Attwood
9,Indonesia,18/02/2018,fkilcoyne9@themeforest.net,Florenza,Female,10,166.50.103.157,Kilcoyne
10,Sweden,24/02/2018,shableta@flickr.com,Shayne,Female,11,164.150.96.188,Hablet
11,France,19/05/2018,demmattb@discovery.com,Dominique,Male,12,254.214.100.96,Emmatt
12,China,17/10/2017,iyakubovicsc@ning.com,Imojean,Female,13,116.33.62.11,Yakubovics
13,Indonesia,10/01/2018,stomensond@marketwatch.com,Sibel,Female,14,155.92.9.153,Tomenson
14,China,14/08/2018,jlarrette@delicious.com,Jillayne,Female,15,243.247.23.210,Larrett
15,Germany,22/05/2018,pgatelandf@alibaba.com,Pascale,Male,16,205.62.65.138,Gateland
16,Peru,03/08/2018,lgingerg@hatena.ne.jp,Lucina,Female,17,167.255.112.251,Ginger
17,Bulgaria,13/10/2017,gbriamoh@sciencedirect.com,Gladys,Female,18,41.105.86.123,Briamo
18,Belarus,09/12/2017,hshallikeri@nba.com,Hardy,Male,19,202.158.91.49,Shalliker
19,Sweden,09/02/2018,jbitchenoj@furl.net,Jesse,Male,20,54.129.117.135,Bitcheno
20,Niger,19/07/2018,blubomirskik@cyberchimps.com,Bernard,Male,21,147.32.73.47,Lubomirski
21,China,12/12/2017,hlangthornl@aol.com,Hildegaard,Female,22,78.117.19.48,Langthorn
22,Peru,06/08/2018,adopsonm@virginia.edu,Ambrose,Male,23,43.215.207.183,Dopson
23,Indonesia,09/03/2018,tlippittn@phpbb.com,Thedric,Male,24,67.142.181.48,Lippitt
24,Ethiopia,15/07/2018,fdeadmano@deviantart.com,Federica,Female,25,55.250.45.201,Deadman
25,Armenia,28/12/2017,aorielp@163.com,Allan,Male,26,224.91.226.198,Oriel
26,Moldova,11/12/2017,sharbardq@flavors.me,Shaw,Male,27,73.253.236.124,Harbard
27,United States,02/12/2017,mleaningr@phpbb.com,Modesty,Female,28,199.106.215.182,Leaning
28,Tajikistan,09/09/2018,nstarmores@webnode.com,Nevin,Male,29,148.159.12.195,Starmore
29,Indonesia,25/01/2018,deeftingt@miibeian.gov.cn,Denise,Female,30,25.248.188.170,Eefting
30,China,20/01/2018,urochfordu@dagondesign.com,Urbain,Male,31,134.172.28.101,Rochford
31,Portugal,30/06/2018,lblouetv@usda.gov,Larine,Female,32,87.77.36.47,Blouet
32,Saudi Arabia,29/09/2017,dhazeltinew@oracle.com,Dane,Male,33,36.211.63.60,Hazeltine
33,Philippines,01/09/2018,cmccleodx@accuweather.com,Cord,Male,34,227.121.10.143,McCleod
34,Poland,20/12/2017,kkermodey@tinyurl.com,Kimmy,Female,35,111.218.138.2,Kermode
35,Ukraine,03/04/2018,abossonsz@jalbum.net,Abraham,Male,36,29.234.122.37,Bossons
36,Japan,18/03/2018,edensun10@networksolutions.com,Eyde,Female,37,126.207.86.74,Densun
37,Indonesia,22/06/2018,daddekin11@utexas.edu,Debor,Female,38,129.183.61.9,Addekin
38,Azerbaijan,02/11/2017,cwright12@ehow.com,Currey,Male,39,28.32.80.224,Wright
39,Greece,21/05/2018,abullier13@mit.edu,Antons,Male,40,136.251.243.49,Bullier
40,Thailand,16/05/2018,athwaites14@cornell.edu,Aleece,Female,41,99.161.125.20,Thwaites
41,China,22/01/2018,rbigadike15@zdnet.com,Ricki,Male,42,249.230.151.101,Bigadike
42,Russia,08/04/2018,cjuorio16@cnn.com,Carmella,Female,43,136.70.231.106,Juorio
43,Portugal,25/12/2017,fhaldenby17@discuz.net,Franni,Female,44,158.179.74.13,Haldenby
44,Colombia,02/10/2017,apaddemore18@gnu.org,Austin,Male,45,240.209.64.8,Paddemore
45,Russia,21/08/2018,gmilbourne19@jugem.jp,Gilligan,Female,46,43.149.122.153,Milbourne
46,China,23/09/2018,dedelmann1a@dailymail.co.uk,Dora,Female,47,83.198.151.23,Edelmann
47,Bosnia And Herzegovina,28/11/2017,rrickeard1b@mayoclinic.com,Rafaelita,Female,48,224.33.116.109,Rickeard
48,Brazil,09/07/2018,omicklem1c@wisc.edu,Olivero,Male,49,180.166.249.30,Micklem
49,China,10/07/2018,fhallan1d@furl.net,Francesco,Male,50,120.135.199.129,Hallan
50,Ukraine,25/10/2017,esemper1e@multiply.com,Ermentrude,Female,51,255.63.18.49,Semper
51,China,11/12/2017,vpetrowsky1f@pinterest.com,Vania,Female,52,222.169.140.34,Petrowsky
52,China,20/01/2018,jcowx1g@parallels.com,Jaimie,Male,53,223.61.128.187,Cowx
53,United States,31/03/2018,aflack1h@istockphoto.com,Amata,Female,54,52.114.69.72,Flack
54,China,22/03/2018,sgeorgins1i@businessweek.com,Steve,Male,55,92.220.102.224,Georgins
55,China,11/06/2018,mdiver1j@sourceforge.net,Marget,Female,56,101.208.165.171,Diver
56,Poland,25/04/2018,sketch1k@wiley.com,Steffen,Male,57,185.198.137.123,Ketch
57,Bulgaria,23/01/2018,isellars1l@sciencedaily.com,Ibrahim,Male,58,110.54.161.128,Sellars
58,Peru,13/08/2018,dbelchamp1m@omniture.com,Donnell,Male,59,125.44.91.201,Belchamp
59,Bulgaria,29/09/2017,pamor1n@zimbio.com,Piggy,Male,60,255.108.207.98,Amor
60,Indonesia,18/04/2018,kklimpt1o@sphinn.com,Kendal,Male,61,177.119.82.16,Klimpt
61,China,24/01/2018,aofen1p@fc2.com,Adolphus,Male,62,36.164.158.231,Ofen
62,China,09/12/2017,dcrawcour1q@wikia.com,Dario,Male,63,252.166.111.93,Crawcour
63,Portugal,11/11/2017,jbaybutt1r@last.fm,Jens,Male,64,89.251.20.24,Baybutt
64,Russia,26/11/2017,msilverman1s@nyu.edu,Mal,Male,65,16.9.192.243,Silverman
65,China,08/04/2018,spenrith1t@google.de,Shae,Female,66,67.238.128.105,Penrith
66,Canada,17/08/2018,cahearne1u@spotify.com,Carlynne,Female,67,171.120.180.207,Ahearne
67,China,20/11/2017,rrucklesse1v@shareasale.com,Roma,Male,68,22.60.184.201,Rucklesse
68,Indonesia,22/09/2018,demett1w@macromedia.com,Dru,Male,69,202.149.191.108,Emett
69,Pakistan,23/07/2018,ktween1x@trellian.com,Kellia,Female,70,12.128.16.86,Tween
70,China,07/12/2017,itorritti1y@lulu.com,Ingrim,Male,71,66.132.127.130,Torritti
71,Ecuador,24/12/2017,scasaroli1z@free.fr,Sandor,Male,72,11.20.54.240,Casaroli
72,China,22/01/2018,acrick20@si.edu,Ariel,Male,73,116.183.4.102,Crick
73,United States,28/11/2017,daggott21@a8.net,Devland,Male,74,84.242.52.101,Aggott
74,Philippines,07/12/2017,npoulston22@moonfruit.com,Neda,Female,75,197.237.199.93,Poulston
75,China,01/12/2017,rcostock23@sogou.com,Rosco,Male,76,206.66.63.32,Costock
76,Sweden,27/05/2018,gbartlomieczak24@wiley.com,Gerda,Female,77,157.51.4.10,Bartlomieczak
77,Tanzania,18/03/2018,srains25@apple.com,Suzanne,Female,78,110.60.105.4,Rains
78,Canada,27/11/2017,twalklate26@phpbb.com,Tara,Female,79,123.240.222.143,Walklate
79,Tajikistan,09/02/2018,fsummerskill27@usda.gov,Franzen,Male,80,112.196.14.33,Summerskill
80,United States,18/04/2018,srawsthorne28@earthlink.net,Sallie,Female,81,122.32.39.97,Rawsthorne
81,Poland,27/10/2017,jkillingsworth29@ebay.com,Janaye,Female,82,172.44.126.54,Killingsworth
82,Malaysia,03/05/2018,fmaginn2a@narod.ru,Fiann,Female,83,131.213.22.243,Maginn
83,Indonesia,03/02/2018,ssafont2b@list-manage.com,Sidonnie,Female,84,253.131.193.149,Safont
84,Turkmenistan,06/09/2018,dponsford2c@dailymotion.com,Derry,Male,85,214.5.26.84,Ponsford
85,Uganda,28/12/2017,jmccarney2d@wikia.com,Jessey,Male,86,21.91.247.33,McCarney
86,Russia,01/07/2018,tmcquie2e@biglobe.ne.jp,Tandi,Female,87,21.23.201.151,McQuie
87,China,06/12/2017,cbeyne2f@dyndns.org,Clarisse,Female,88,7.154.151.29,Beyne
88,Armenia,12/01/2018,slow2g@reddit.com,Shari,Female,89,244.12.135.37,Low
89,Norway,03/01/2018,mcrellim2h@printfriendly.com,Marty,Male,90,199.191.101.17,Crellim
90,Indonesia,26/09/2018,candreaccio2i@google.ca,Cy,Male,91,188.165.243.144,Andreaccio
91,Thailand,26/07/2018,wwestern2j@washington.edu,Weidar,Male,92,52.177.5.199,Western
92,Philippines,10/01/2018,kmarkey2k@acquirethisname.com,Keely,Female,93,141.113.176.149,Markey
93,Japan,29/04/2018,dmora2l@google.com,Dorette,Female,94,75.22.168.183,Mora
94,Azerbaijan,19/06/2018,rzorzetti2m@photobucket.com,Rheta,Female,95,88.192.59.201,Zorzetti
95,Central African Republic,24/11/2017,scopley2n@blogger.com,Sapphira,Female,96,71.236.97.69,Copley
96,Portugal,23/03/2018,sbrugden2o@behance.net,Salomone,Male,97,31.229.247.60,Brugden
97,France,12/05/2018,ptimbrell2p@buzzfeed.com,Polly,Female,98,187.151.192.82,Timbrell
98,Nigeria,13/04/2018,loxbrough2q@bloomberg.com,Lucian,Male,99,117.79.74.147,Oxbrough
99,Mexico,23/02/2018,iglason2r@creativecommons.org,Illa,Female,100,149.246.219.67,Glason
100,Brazil,04/03/2018,mjakubovits2s@bing.com,Magdalena,Female,101,143.205.50.99,Jakubovits
101,Mexico,08/01/2018,sgiorgeschi2t@nyu.edu,Sylas,Male,102,220.58.136.153,Giorgeschi
102,Philippines,28/02/2018,ytyson2u@jigsy.com,Yard,Male,103,241.217.47.110,Tyson
103,Brazil,28/05/2018,smuttock2v@netlog.com,Sandro,Male,104,0.94.245.55,Muttock
104,Poland,11/03/2018,dkier2w@hexun.com,Dougie,Male,105,64.130.235.204,Kier
105,South Africa,15/07/2018,gstow2x@diigo.com,Goddard,Male,106,241.211.47.17,Stow
106,Russia,27/05/2018,bslight2y@princeton.edu,Bret,Male,107,231.155.62.190,Slight
107,Russia,13/08/2018,skilfedder2z@usnews.com,Seymour,Male,108,48.124.255.189,Kilfedder
108,Indonesia,17/10/2017,hbewick30@blogspot.com,Heather,Female,109,157.36.106.16,Bewick
109,Philippines,30/07/2018,lgoad31@va.gov,Lisha,Female,110,238.36.4.103,Goad
110,Thailand,16/09/2018,fvere32@bbb.org,Felicio,Male,111,3.28.185.61,Vere
111,Russia,22/11/2017,ldugget33@twitpic.com,Lemuel,Male,112,82.38.16.77,Dugget
112,Philippines,08/04/2018,slisciandro34@paginegialle.it,Sarette,Female,113,55.237.193.108,Lisciandro
113,Nigeria,10/07/2018,bconnop35@shareasale.com,Bryna,Female,114,44.168.76.20,Connop
114,Philippines,08/05/2018,fstealey36@technorati.com,Franklin,Male,115,115.231.120.66,Stealey
115,Mexico,08/02/2018,tdumingos37@ftc.gov,Teriann,Female,116,26.161.244.162,Dumingos
116,Indonesia,15/06/2018,smcclurg38@ucsd.edu,Sebastiano,Male,117,72.158.170.62,McClurg
117,Thailand,02/04/2018,hmustarde39@printfriendly.com,Howey,Male,118,211.246.147.181,Mustarde
118,Serbia,15/04/2018,rreschke3a@state.gov,Rik,Male,119,244.164.172.173,Reschke
119,Nigeria,11/06/2018,seastbury3b@loc.gov,Samuel,Male,120,12.234.47.149,Eastbury
120,Egypt,29/01/2018,strahmel3c@mashable.com,Skipton,Male,121,209.13.120.206,Trahmel
121,Sweden,27/03/2018,cmacfadden3d@canalblog.com,Carmella,Female,122,247.97.172.119,MacFadden
122,Peru,30/01/2018,bdalley3e@thetimes.co.uk,Bette-ann,Female,123,174.202.68.252,Dalley
123,Sweden,15/01/2018,kcleft3f@statcounter.com,Ker,Male,124,172.219.87.60,Cleft
124,Portugal,09/01/2018,sjarrel3g@newsvine.com,Sheffie,Male,125,215.14.255.49,Jarrel
125,Russia,09/06/2018,erennles3h@theglobeandmail.com,Emily,Female,126,201.241.68.55,Rennles
126,China,15/10/2017,lbiasetti3i@arstechnica.com,Lefty,Male,127,159.86.94.37,Biasetti
127,Iran,16/06/2018,ckrol3j@twitpic.com,Clemmie,Male,128,23.18.24.39,Krol
128,Sweden,19/07/2018,smoreman3k@last.fm,Shanan,Male,129,232.18.96.177,Moreman
129,Sweden,13/04/2018,givie3l@e-recht24.de,Godfry,Male,130,184.203.136.162,Ivie
130,France,24/08/2018,tpockey3m@newsvine.com,Torey,Male,131,133.89.192.24,Pockey
131,Kazakhstan,30/09/2017,fcapstaff3n@ezinearticles.com,Ferris,Male,132,28.196.234.237,Capstaff
132,China,03/10/2017,bcicullo3o@nsw.gov.au,Baxter,Male,133,15.101.249.93,Cicullo
133,Indonesia,26/12/2017,dprugel3p@hubpages.com,Desiri,Female,134,191.41.2.248,Prugel
134,Ireland,19/03/2018,kcollyear3q@sakura.ne.jp,Kristofer,Male,135,229.3.196.55,Collyear
135,Czech Republic,16/11/2017,bfearney3r@myspace.com,Brent,Male,136,65.191.188.223,Fearney
136,China,08/09/2018,priccardini3s@dedecms.com,Pandora,Female,137,41.235.138.161,Riccardini
137,China,26/02/2018,ljouanot3t@odnoklassniki.ru,Lu,Female,138,18.178.17.51,Jouanot
138,Indonesia,29/05/2018,kmaddaford3u@usda.gov,Kimmi,Female,139,36.24.70.35,Maddaford
139,United States,12/02/2018,ntassel3v@etsy.com,Natty,Female,140,65.240.247.90,Tassel
140,Sweden,03/12/2017,mlogie3w@barnesandnoble.com,Myrtia,Female,141,122.215.156.33,Logie
141,United States,27/11/2017,lyancey3x@bbb.org,Lane,Female,142,49.215.243.199,Yancey
142,Kazakhstan,03/10/2017,jfretter3y@cornell.edu,Judith,Female,143,89.46.97.220,Fretter
143,China,11/03/2018,avarey3z@hugedomains.com,Addie,Male,144,44.102.170.182,Varey
144,Poland,25/11/2017,mrushbrooke40@wiley.com,Marci,Female,145,79.51.215.39,Rushbrooke
145,Ukraine,15/08/2018,predwall41@devhub.com,Puff,Male,146,134.219.113.206,Redwall
146,Peru,10/07/2018,lcrittal42@netlog.com,Lombard,Male,147,101.84.194.227,Crittal
147,Thailand,28/05/2018,kbugbee43@sitemeter.com,Kathye,Female,148,175.29.90.176,Bugbee
148,Israel,17/03/2018,mboddice44@e-recht24.de,Meredith,Female,149,43.242.83.182,Boddice
149,Belarus,15/11/2017,ybenoiton45@twitter.com,Yardley,Male,150,18.21.67.42,Benoiton
150,China,08/06/2018,nmcdonnell46@ycombinator.com,Norine,Female,151,4.159.40.87,McDonnell
151,China,18/07/2018,aconman47@buzzfeed.com,Adrian,Female,152,185.94.36.134,Conman
152,Czech Republic,17/01/2018,ajoppich48@cisco.com,Asa,Male,153,197.177.58.63,Joppich
153,Spain,11/05/2018,blosel49@flavors.me,Britt,Female,154,97.68.194.91,Losel
154,China,01/04/2018,djeenes4a@homestead.com,Dori,Female,155,43.70.171.51,Jeenes
155,Ukraine,05/05/2018,rbabbage4b@weather.com,Rudolfo,Male,156,110.147.143.129,Babbage
156,Brazil,29/08/2018,eygo4c@lulu.com,Elston,Male,157,19.247.37.83,Ygo
157,Poland,30/05/2018,ehorley4d@cbc.ca,Emilie,Female,158,168.247.37.74,Horley
158,Thailand,20/09/2018,jdomegan4e@shinystat.com,Jose,Male,159,74.173.236.125,Domegan
159,China,04/09/2018,mgorce4f@pagesperso-orange.fr,Michaeline,Female,160,228.73.241.238,Gorce
160,Argentina,09/08/2018,ysabben4g@miitbeian.gov.cn,Yard,Male,161,196.160.39.188,Sabben
161,Portugal,01/08/2018,gcohan4h@go.com,Grier,Female,162,154.118.195.235,Cohan
162,Finland,13/01/2018,cwenger4i@sitemeter.com,Curt,Male,163,81.132.209.40,Wenger
163,Sweden,13/05/2018,gcottage4j@4shared.com,Gunner,Male,164,189.196.160.235,Cottage
164,Russia,08/07/2018,cpatient4k@rediff.com,Clementine,Female,165,189.39.32.120,Patient
165,Ireland,05/05/2018,gipwell4l@de.vu,Glyn,Female,166,73.134.123.184,Ipwell
166,China,04/08/2018,rmummery4m@lulu.com,Riobard,Male,167,60.32.40.206,Mummery
167,China,09/04/2018,tlujan4n@php.net,Talbot,Male,168,221.207.210.12,Lujan
168,Indonesia,14/08/2018,mfiorentino4o@sohu.com,Merv,Male,169,228.205.32.244,Fiorentino
169,Iran,20/11/2017,arobker4p@economist.com,Ashlie,Female,170,31.144.10.119,Robker
170,China,30/03/2018,sdrance4q@blogtalkradio.com,Skipper,Male,171,97.75.140.176,Drance
171,Canada,25/06/2018,alabarre4r@wordpress.com,Aleksandr,Male,172,181.18.72.212,Labarre
172,Brazil,07/09/2018,sitzakson4s@technorati.com,Stirling,Male,173,83.253.228.95,Itzakson
173,Bulgaria,06/10/2017,rslany4t@opera.com,Rabbi,Male,174,80.191.255.201,Slany
174,Indonesia,05/08/2018,lmegany4u@hhs.gov,Lucky,Female,175,197.34.31.235,Megany
175,Thailand,20/12/2017,gbayne4v@jugem.jp,Garrett,Male,176,52.220.234.220,Bayne
176,Indonesia,19/03/2018,byurivtsev4w@wikispaces.com,Burgess,Male,177,198.80.40.100,Yurivtsev
177,China,01/11/2017,acast4x@thetimes.co.uk,Alexander,Male,178,78.190.184.141,Cast
178,Philippines,22/04/2018,sixor4y@eepurl.com,Suellen,Female,179,225.68.208.154,Ixor
179,China,15/09/2018,ccage4z@walmart.com,Catherina,Female,180,232.52.53.159,Cage
180,Albania,07/05/2018,kmaccallion50@unicef.org,Kort,Male,181,191.160.235.242,MacCallion
181,United States,04/08/2018,gneill51@umich.edu,Gannon,Male,182,47.143.18.16,Neill
182,Philippines,10/09/2018,cchallenor52@com.com,Cris,Male,183,187.163.253.144,Challenor
183,Russia,10/05/2018,ejedraszczyk53@fotki.com,Eartha,Female,184,137.1.51.131,Jedraszczyk
184,China,28/02/2018,ogerok54@xinhuanet.com,Ody,Male,185,181.29.155.212,Gerok
185,China,10/06/2018,dsokill55@cnn.com,Dallas,Male,186,98.74.106.202,Sokill
186,Ukraine,08/04/2018,cfarriar56@behance.net,Cynthea,Female,187,173.39.201.188,Farriar
187,Portugal,10/12/2017,btybalt57@pinterest.com,Barbi,Female,188,98.241.224.64,Tybalt
188,Bahamas,10/06/2018,nmerwede58@ed.gov,Nadeen,Female,189,224.156.55.207,Merwede
189,Ukraine,14/02/2018,fiffland59@umn.edu,Fergus,Male,190,172.120.67.16,Iffland
190,Cambodia,14/09/2018,bcraft5a@wikipedia.org,Brigham,Male,191,207.252.244.134,Craft
191,Venezuela,11/10/2017,marckoll5b@topsy.com,Mohammed,Male,192,61.124.83.206,Arckoll
192,Albania,21/11/2017,gdethloff5c@army.mil,Giacobo,Male,193,100.76.56.105,Dethloff
193,Luxembourg,22/09/2018,parkell5d@bloglovin.com,Phebe,Female,194,113.126.148.1,Arkell
194,Indonesia,23/10/2017,camps5e@sourceforge.net,Cob,Male,195,235.15.248.178,Amps
195,Argentina,26/04/2018,mspeight5f@constantcontact.com,Milt,Male,196,225.84.48.108,Speight
196,Brazil,07/07/2018,agonzales5g@about.me,Archibald,Male,197,40.100.183.11,Gonzales
197,Serbia,16/04/2018,cliccardi5h@pagesperso-orange.fr,Cari,Female,198,187.185.106.53,Liccardi
198,Indonesia,04/05/2018,hmaccorley5i@list-manage.com,Harald,Male,199,86.79.15.36,MacCorley
199,Colombia,18/04/2018,ohansom5j@ihg.com,Osmund,Male,200,23.82.229.21,Hansom
200,Israel,05/11/2017,khanner5k@independent.co.uk,Kriste,Female,201,158.202.31.99,Hanner
201,Ethiopia,13/01/2018,awakes5l@ucoz.ru,Alfreda,Female,202,72.213.80.151,Wakes
202,Indonesia,04/02/2018,agiovannilli5m@gnu.org,Adelheid,Female,203,237.177.54.139,Giovannilli
203,Philippines,23/10/2017,mlauritsen5n@networksolutions.com,Mannie,Male,204,111.225.138.190,Lauritsen
204,Canada,09/01/2018,rstepney5o@oaic.gov.au,Ruthi,Female,205,106.218.163.73,Stepney
205,Russia,23/03/2018,krizziello5p@reference.com,Kerri,Female,206,133.22.196.53,Rizziello
206,Portugal,08/05/2018,tdyton5q@spiegel.de,Teodoro,Male,207,245.79.175.12,Dyton
207,China,04/07/2018,scardon5r@scientificamerican.com,Stevy,Male,208,208.128.18.184,Cardon
208,Ukraine,22/08/2018,hmolineux5s@example.com,Hunter,Male,209,159.168.70.9,Molineux
209,Russia,01/11/2017,tvanhesteren5t@pbs.org,Tybie,Female,210,35.208.232.10,Van Hesteren
210,Peru,24/06/2018,ibysh5u@ucsd.edu,Imogene,Female,211,182.127.208.187,Bysh
211,China,13/11/2017,oshearsby5v@flickr.com,Opal,Female,212,129.0.197.203,Shearsby
212,South Africa,30/07/2018,honeal5w@posterous.com,Hugibert,Male,213,78.35.41.142,Oneal
213,China,11/04/2018,lnendick5x@hibu.com,Lemuel,Male,214,175.160.21.232,Nendick
214,Indonesia,09/10/2017,lhuman5y@joomla.org,Lyndsay,Female,215,99.9.168.3,Human
215,Thailand,13/05/2018,apaolino5z@naver.com,Ashlan,Female,216,130.12.250.236,Paolino
216,Bosnia And Herzegovina,26/12/2017,gmurrish60@unicef.org,Gwendolyn,Female,217,172.123.60.171,Murrish
217,Pakistan,26/04/2018,efordham61@vk.com,Edith,Female,218,39.229.117.180,Fordham
218,Palestinian Territory,12/07/2018,bbeeres62@hubpages.com,Beverley,Female,219,33.76.219.211,Beeres
219,Indonesia,18/08/2018,rbonney63@spotify.com,Raymond,Male,220,208.216.162.49,Bonney
220,Czech Republic,12/05/2018,mfewtrell64@weibo.com,Milty,Male,221,33.80.129.107,Fewtrell
221,Belarus,30/03/2018,khubber65@about.com,Kalil,Male,222,165.166.149.127,Hubber
222,Palestinian Territory,05/12/2017,gfulks66@home.pl,Godfrey,Male,223,35.223.87.21,Fulks
223,Indonesia,25/11/2017,gbalding67@stumbleupon.com,Gennifer,Female,224,181.166.15.237,Balding
224,Philippines,07/10/2017,lmcalpin68@ezinearticles.com,Langsdon,Male,225,255.13.8.56,McAlpin
225,Ukraine,03/05/2018,rhaliburton69@eventbrite.com,Row,Female,226,247.213.48.35,Haliburton
226,Indonesia,21/12/2017,rboich6a@php.net,Rosita,Female,227,200.80.116.95,Boich
227,Panama,22/11/2017,mheathorn6b@xinhuanet.com,Misti,Female,228,75.160.196.75,Heathorn
228,China,03/07/2018,amillership6c@ibm.com,Alanson,Male,229,93.67.12.134,Millership
229,Syria,24/04/2018,dlidington6d@surveymonkey.com,Dilan,Male,230,253.215.78.208,Lidington
230,Poland,03/03/2018,ibutrimovich6e@blog.com,Irving,Male,231,97.96.216.228,Butrimovich
231,Portugal,25/04/2018,lwildman6f@furl.net,Leif,Male,232,248.143.139.185,Wildman
232,China,30/04/2018,tpadilla6g@illinois.edu,Tom,Male,233,158.77.132.101,Padilla
233,China,12/04/2018,iownsworth6h@biglobe.ne.jp,Ibrahim,Male,234,37.218.251.65,Ownsworth
234,Indonesia,13/11/2017,tpetkov6i@skyrock.com,Tootsie,Female,235,48.172.198.129,Petkov
235,Brazil,11/08/2018,jgillimgham6j@constantcontact.com,Janeta,Female,236,166.63.202.14,Gillimgham
236,Poland,06/01/2018,kvanyarkin6k@twitter.com,Korney,Female,237,193.121.136.4,Vanyarkin
237,Haiti,02/07/2018,bmelley6l@dell.com,Buiron,Male,238,171.28.69.182,Melley
238,Russia,06/11/2017,dboulton6m@umich.edu,Dehlia,Female,239,75.86.142.146,Boulton
239,Portugal,28/09/2017,jsleaford6n@irs.gov,Jaye,Male,240,134.170.121.193,Sleaford
240,Iran,14/04/2018,rmaclaren6o@etsy.com,Rici,Female,241,164.195.183.96,MacLaren
241,China,24/02/2018,abridgement6p@shareasale.com,Austina,Female,242,154.12.13.200,Bridgement
242,France,02/11/2017,jplaunch6q@seesaa.net,Joanie,Female,243,121.13.193.241,Plaunch
243,Macedonia,23/11/2017,kbruty6r@upenn.edu,Kilian,Male,244,0.242.94.13,Bruty
244,Indonesia,20/04/2018,eboxhall6s@redcross.org,Eba,Female,245,128.43.238.99,Boxhall
245,Thailand,16/07/2018,rjanman6t@feedburner.com,Rina,Female,246,178.118.67.155,Janman
246,China,28/10/2017,mroback6u@opera.com,Merwin,Male,247,31.134.138.155,Roback
247,Brazil,24/08/2018,croblett6v@etsy.com,Cherri,Female,248,0.223.150.96,Roblett
248,Sweden,12/09/2018,cacom6w@nymag.com,Corrianne,Female,249,198.204.105.87,Acom
249,Palestinian Territory,28/09/2017,emenichelli6x@jiathis.com,Ethelind,Female,250,230.125.72.77,Menichelli
250,Vietnam,04/11/2017,mpapaminas6y@mlb.com,Merrie,Female,251,253.17.215.25,Papaminas
251,China,26/01/2018,apougher6z@icio.us,Augustus,Male,252,176.165.236.55,Pougher
252,China,14/02/2018,csegeswoeth70@wikimedia.org,Cleavland,Male,253,166.121.11.120,Segeswoeth
253,Indonesia,28/01/2018,swasiela71@imageshack.us,Sena,Female,254,39.158.16.131,Wasiela
254,Russia,11/12/2017,aandor72@adobe.com,Alexia,Female,255,127.177.144.18,Andor
255,China,30/03/2018,lbonavia73@mozilla.org,Ludovico,Male,256,224.79.39.155,Bonavia
256,Indonesia,20/08/2018,rlawson74@addthis.com,Rhea,Female,257,141.184.163.154,Lawson
257,Poland,27/10/2017,arockcliffe75@independent.co.uk,Ambur,Female,258,226.226.60.248,Rockcliffe
258,China,12/01/2018,blatek76@nps.gov,Berty,Male,259,171.209.150.12,Latek
259,France,28/06/2018,olevitt77@domainmarket.com,Oliviero,Male,260,180.115.34.182,Levitt
260,Egypt,12/09/2018,lberardt78@cpanel.net,Louis,Male,261,156.30.64.138,Berardt
261,Kosovo,14/10/2017,rsimes79@people.com.cn,Rick,Male,262,252.54.79.27,Simes
262,Portugal,20/03/2018,hreedick7a@independent.co.uk,Hamilton,Male,263,105.26.245.180,Reedick
263,Mexico,26/09/2018,gwylie7b@shinystat.com,Giulietta,Female,264,74.159.86.36,Wylie
264,China,26/05/2018,crotter7c@ifeng.com,Casie,Female,265,37.24.105.30,Rotter
265,Malaysia,15/02/2018,bjarnell7d@toplist.cz,Bruce,Male,266,28.151.176.156,Jarnell
266,Brazil,29/05/2018,nstonner7e@sohu.com,Nissa,Female,267,46.129.58.133,Stonner
267,Philippines,14/10/2017,wbehling7f@loc.gov,Warde,Male,268,220.184.202.69,Behling
268,Russia,08/05/2018,dguillain7g@npr.org,Der,Male,269,81.252.77.209,Guillain
269,Indonesia,13/05/2018,rchrispin7h@multiply.com,Rosabel,Female,270,255.39.42.220,Chrispin
270,Poland,28/03/2018,tsibbit7i@dedecms.com,Tallie,Female,271,121.125.164.37,Sibbit
271,France,17/12/2017,rpitney7j@businessinsider.com,Rhetta,Female,272,190.189.72.129,Pitney
272,Benin,17/06/2018,ckeeves7k@yale.edu,Christoffer,Male,273,49.91.135.229,Keeves
273,Peru,28/09/2017,bhirjak7l@desdev.cn,Bridget,Female,274,40.244.35.153,Hirjak
274,Bangladesh,07/08/2018,mluscombe7m@biblegateway.com,Maridel,Female,275,199.96.148.77,Luscombe
275,China,01/05/2018,bgrowcott7n@pinterest.com,Brenn,Female,276,15.234.194.255,Growcott
276,Israel,21/05/2018,cflowers7o@bravesites.com,Clarice,Female,277,66.25.147.4,Flowers
277,Brazil,22/06/2018,dohara7p@eventbrite.com,Donna,Female,278,125.226.128.204,O'Hara
278,Bhutan,05/04/2018,hlegerwood7q@1688.com,Heida,Female,279,105.165.65.91,Legerwood
279,France,05/11/2017,bbarrasse7r@examiner.com,Berny,Male,280,57.148.99.250,Barrasse
280,Norway,30/08/2018,jmacgahy7s@instagram.com,Joya,Female,281,132.147.85.161,MacGahy
281,Sweden,18/08/2018,twestlake7t@jigsy.com,Tobie,Male,282,62.4.128.168,Westlake
282,China,26/03/2018,jgoult7u@sina.com.cn,Jerad,Male,283,45.148.116.255,Goult
283,China,13/11/2017,rfirsby7v@google.ru,Richmound,Male,284,54.118.191.239,Firsby
284,Czech Republic,11/03/2018,cbickell7w@mlb.com,Corliss,Female,285,29.58.75.13,Bickell
285,Peru,09/02/2018,thidderley7x@scribd.com,Tanhya,Female,286,196.226.82.245,Hidderley
286,Tunisia,18/03/2018,kquinnelly7y@theatlantic.com,Kathrine,Female,287,240.125.190.169,Quinnelly
287,Yemen,02/05/2018,lbillson7z@arstechnica.com,Lewie,Male,288,214.53.16.14,Billson
288,China,01/03/2018,hpeterken80@soup.io,Hughie,Male,289,56.23.224.162,Peterken
289,Russia,22/04/2018,mblues81@google.co.jp,Malachi,Male,290,96.208.53.113,Blues
290,Thailand,27/12/2017,pgenny82@pcworld.com,Philbert,Male,291,110.243.119.14,Genny
291,China,18/01/2018,tfuente83@infoseek.co.jp,Tobey,Female,292,216.106.108.60,Fuente
292,China,26/07/2018,ddalgety84@tmall.com,Damian,Male,293,126.243.204.208,Dalgety
293,Ukraine,08/03/2018,mstormont85@163.com,Marita,Female,294,45.156.123.61,Stormont
294,Russia,03/11/2017,lsimcock86@freewebs.com,Laetitia,Female,295,233.201.202.7,Simcock
295,China,18/01/2018,fhearnden87@booking.com,Fletcher,Male,296,223.143.52.10,Hearnden
296,China,12/05/2018,bgilmour88@thetimes.co.uk,Blythe,Female,297,188.45.167.119,Gilmour
297,China,07/05/2018,ncrookshank89@fda.gov,Nolly,Male,298,214.70.172.39,Crookshank
298,China,23/09/2018,ncansdale8a@arizona.edu,Nickola,Male,299,188.231.19.36,Cansdale
299,Guyana,10/08/2018,igiuron8b@vinaora.com,Isidora,Female,300,167.8.88.185,Giuron
300,China,15/05/2018,mkingescot8c@adobe.com,Merrel,Male,301,150.200.150.221,Kingescot
301,China,03/06/2018,cbirrane8d@ifeng.com,Catlaina,Female,302,0.170.81.165,Birrane
302,Brazil,04/11/2017,bhannibal8e@sina.com.cn,Brannon,Male,303,195.6.218.0,Hannibal
303,Russia,04/05/2018,nmiche8f@1und1.de,Noella,Female,304,69.81.140.81,Miche
304,Czech Republic,18/05/2018,tmcdavid8g@myspace.com,Terry,Male,305,227.72.26.118,McDavid
305,Indonesia,07/12/2017,twalentynowicz8h@cbsnews.com,Tremain,Male,306,242.148.65.119,Walentynowicz
306,China,21/09/2018,mkullmann8i@t.co,Michal,Male,307,190.138.38.62,Kullmann
307,South Africa,04/01/2018,zdunkerton8j@ebay.com,Zorine,Female,308,106.118.108.86,Dunkerton
308,Indonesia,13/08/2018,dfonte8k@mlb.com,Denny,Female,309,245.160.40.168,Fonte
309,China,27/05/2018,tdenial8l@posterous.com,Tabbie,Male,310,190.215.138.210,Denial
310,Indonesia,17/07/2018,banthonsen8m@utexas.edu,Bea,Female,311,191.38.243.100,Anthonsen
311,Vietnam,16/03/2018,gtomaskunas8n@joomla.org,Gabbie,Male,312,21.190.41.72,Tomaskunas
312,Thailand,09/04/2018,kgabrieli8o@twitter.com,Kate,Female,313,62.58.94.191,Gabrieli
313,China,09/07/2018,rsnoding8p@miitbeian.gov.cn,Reade,Male,314,116.89.236.113,Snoding
314,Brazil,28/03/2018,swyldbore8q@printfriendly.com,Sean,Female,315,110.216.43.141,Wyldbore
315,Venezuela,29/05/2018,hswaite8r@google.ru,Hanson,Male,316,125.127.144.110,Swaite
316,Russia,09/11/2017,dwalasik8s@marriott.com,Donnell,Male,317,4.3.90.246,Walasik
317,France,22/04/2018,pnoden8t@google.ru,Perceval,Male,318,162.184.95.111,Noden
318,China,02/12/2017,aloddy8u@sun.com,Arty,Male,319,107.219.214.117,Loddy
319,Indonesia,07/12/2017,bbonafant8v@nationalgeographic.com,Bay,Male,320,74.67.47.199,Bonafant
320,Russia,28/01/2018,alipsett8w@ted.com,Abram,Male,321,70.141.222.240,Lipsett
321,Russia,30/07/2018,bstading8x@hexun.com,Bowie,Male,322,78.173.216.146,Stading
322,Indonesia,14/06/2018,jhakking8y@flavors.me,Jacky,Female,323,134.40.38.122,Hakking
323,China,18/01/2018,pkirkbride8z@pbs.org,Percy,Male,324,213.41.207.155,Kirkbride
324,Brazil,05/06/2018,bposnett90@stanford.edu,Booth,Male,325,171.199.101.227,Posnett
325,Cambodia,25/04/2018,mlattimore91@wunderground.com,Margaret,Female,326,135.95.209.107,Lattimore
326,Philippines,19/05/2018,slampl92@xing.com,Stephan,Male,327,69.255.165.227,Lampl
327,China,22/04/2018,fkillingsworth93@blinklist.com,Fidel,Male,328,170.200.243.182,Killingsworth
328,Croatia,19/04/2018,rbohlingolsen94@merriam-webster.com,Ruggiero,Male,329,123.17.129.103,BoHlingolsen
329,China,02/05/2018,fjouhandeau95@businessinsider.com,Fred,Male,330,45.52.253.117,Jouhandeau
330,Russia,25/02/2018,qshelford96@google.ca,Quentin,Female,331,231.216.0.81,Shelford
331,Indonesia,14/05/2018,cspondley97@japanpost.jp,Charmine,Female,332,110.82.94.226,Spondley
332,Bosnia And Herzegovina,19/09/2018,aschulke98@npr.org,Adara,Female,333,90.190.97.156,Schulke
333,Ireland,03/08/2018,lbettridge99@yale.edu,Logan,Male,334,181.220.41.8,Bettridge
334,Comoros,21/10/2017,bpohls9a@answers.com,Bianka,Female,335,216.10.195.38,Pohls
335,Cyprus,08/06/2018,tcroal9b@themeforest.net,Tiff,Female,336,94.36.3.155,Croal
336,China,05/04/2018,scaveau9c@lulu.com,Shoshana,Female,337,232.28.242.94,Caveau
337,Ukraine,16/11/2017,fsyfax9d@baidu.com,Forbes,Male,338,241.67.226.84,Syfax
338,Indonesia,16/12/2017,dmarkushkin9e@cbslocal.com,Dallon,Male,339,243.210.32.234,Markushkin
339,Russia,08/05/2018,rdobbin9f@amazonaws.com,Robbie,Male,340,55.220.176.37,Dobbin
340,Greece,22/06/2018,slambrecht9g@tinyurl.com,Son,Male,341,134.51.244.80,Lambrecht
341,Aland Islands,17/05/2018,qgott9h@youtube.com,Quincey,Male,342,128.224.7.63,Gott
342,China,31/05/2018,jbickers9i@tmall.com,Jayme,Male,343,198.4.157.6,Bickers
343,Ukraine,02/09/2018,hblazek9j@java.com,Hiram,Male,344,144.219.131.183,Blazek
344,Spain,31/03/2018,bcalbrathe9k@webs.com,Berkeley,Male,345,133.39.250.206,Calbrathe
345,Brazil,29/08/2018,bdakhno9l@studiopress.com,Berkley,Male,346,65.51.206.65,Dakhno
346,Portugal,27/02/2018,gmulrooney9m@about.me,Gweneth,Female,347,184.133.186.190,Mulrooney
347,Czech Republic,18/11/2017,hclabburn9n@utexas.edu,Hayyim,Male,348,241.32.136.6,Clabburn
348,China,18/11/2017,ascedall9o@reference.com,Aili,Female,349,66.91.119.94,Scedall
349,Peru,26/05/2018,bdavidoff9p@netlog.com,Bryana,Female,350,234.233.105.222,Davidoff
350,Indonesia,02/06/2018,bsandiland9q@gnu.org,Brockie,Male,351,231.77.209.198,Sandiland
351,Honduras,26/10/2017,mkamena9r@ftc.gov,Modestine,Female,352,86.181.137.189,Kamena
352,Indonesia,31/05/2018,agirod9s@imdb.com,Amaleta,Female,353,1.33.244.255,Girod
353,Bosnia And Herzegovina,06/07/2018,dlegalle9t@sfgate.com,Donalt,Male,354,114.35.222.150,Le Galle
354,China,09/01/2018,jlethbridge9u@msn.com,Joseph,Male,355,222.217.20.238,Lethbridge
355,Japan,26/06/2018,ctheuff9v@eepurl.com,Coleen,Female,356,193.139.122.22,Theuff
356,Lebanon,07/12/2017,dpeotz9w@washingtonpost.com,Devonne,Female,357,10.2.37.146,Peotz
357,Philippines,10/06/2018,tfellowes9x@reddit.com,Tana,Female,358,198.79.91.140,Fellowes
358,Papua New Guinea,14/04/2018,sruttgers9y@businesswire.com,Susann,Female,359,181.61.2.132,Ruttgers
359,Russia,20/03/2018,wclowser9z@slashdot.org,Wenda,Female,360,221.170.77.194,Clowser
360,Canada,30/12/2017,idicksona0@yahoo.com,Ingelbert,Male,361,52.225.242.238,Dickson
361,China,26/08/2018,mwhapplesa1@slate.com,Merrill,Male,362,125.163.40.99,Whapples
362,China,03/01/2018,tolooneya2@altervista.org,Torre,Male,363,202.143.158.161,O'Looney
363,Sweden,18/07/2018,vraggatta3@csmonitor.com,Vivianna,Female,364,140.180.125.61,Raggatt
364,Philippines,20/04/2018,rroddya4@craigslist.org,Raynard,Male,365,39.210.30.181,Roddy
365,Brazil,11/06/2018,clumma5@bloomberg.com,Codi,Male,366,178.194.2.114,Lumm
366,Bulgaria,15/04/2018,avancastelea6@prweb.com,Andras,Male,367,226.145.87.14,Van Castele
367,China,09/04/2018,gcrebera7@goodreads.com,Guillemette,Female,368,8.157.140.196,Creber
368,Albania,28/09/2017,eclerca8@nyu.edu,Edgardo,Male,369,161.52.208.36,Clerc
369,Indonesia,29/07/2018,kottiwilla9@alibaba.com,Kimmy,Female,370,11.34.113.97,Ottiwill
370,Ukraine,21/07/2018,amccallamaa@yelp.com,Ashly,Female,371,121.70.246.21,McCallam
371,Indonesia,08/01/2018,mharuardab@yahoo.co.jp,Matelda,Female,372,106.59.35.200,Haruard
372,Philippines,03/05/2018,scarseyac@ameblo.jp,Stanislaus,Male,373,19.119.229.13,Carsey
373,Indonesia,30/04/2018,lshortoad@123-reg.co.uk,Leroy,Male,374,73.213.91.13,Shorto
374,Indonesia,12/07/2018,astanyanae@gnu.org,Ada,Female,375,30.59.175.25,Stanyan
375,China,04/11/2017,eklewiaf@census.gov,Emelen,Male,376,19.110.241.163,Klewi
376,Belarus,18/03/2018,oogeneayag@huffingtonpost.com,Olvan,Male,377,96.53.13.26,O'Geneay
377,Hungary,03/12/2017,bmarrableah@npr.org,Barrie,Female,378,195.145.133.13,Marrable
378,Tunisia,30/07/2018,msmeethai@rambler.ru,Marketa,Female,379,10.0.240.181,Smeeth
379,Philippines,29/03/2018,dprescoteaj@phoca.cz,Dale,Male,380,116.70.18.120,Prescote
380,Ukraine,24/01/2018,rpoxonak@purevolume.com,Romeo,Male,381,101.100.74.49,Poxon
381,Indonesia,07/12/2017,kmacliceal@t-online.de,Kaycee,Female,382,164.230.217.197,MacLice
382,France,26/06/2018,abarnicottam@ezinearticles.com,Abramo,Male,383,147.29.157.4,Barnicott
383,Portugal,02/01/2018,cbravenan@nih.gov,Chucho,Male,384,65.69.96.181,Braven
384,Peru,18/08/2018,nhowittao@netvibes.com,Nichol,Female,385,166.237.69.75,Howitt
385,Croatia,29/03/2018,jmiskenap@google.pl,Jemimah,Female,386,141.27.70.142,Misken
386,Egypt,17/03/2018,bbrychanaq@wired.com,Beatriz,Female,387,115.200.17.227,Brychan
387,Argentina,28/06/2018,bskeggar@nationalgeographic.com,Barbe,Female,388,207.216.211.255,Skegg
388,Philippines,21/08/2018,rmcclaurieas@ihg.com,Rowney,Male,389,77.158.158.39,McClaurie
389,Philippines,22/03/2018,hdonsonat@ebay.com,Hedvige,Female,390,236.40.0.73,Donson
390,France,01/10/2017,dmcadamau@state.gov,Dalli,Male,391,7.225.125.97,McAdam
391,Japan,30/10/2017,jnotonav@naver.com,Jameson,Male,392,88.155.255.237,Noton
392,Finland,26/03/2018,ioldenaw@craigslist.org,Ingram,Male,393,67.182.129.76,Olden
393,Russia,18/12/2017,pdemarsax@angelfire.com,Pascale,Male,394,100.27.27.30,De Mars
394,Dominican Republic,26/12/2017,csheddenay@amazonaws.com,Cesaro,Male,395,245.42.244.151,Shedden
395,China,28/08/2018,lbendsonaz@tripod.com,Lyndsie,Female,396,179.194.67.112,Bendson
396,China,06/12/2017,hgianuzzib0@hostgator.com,Harlin,Male,397,127.95.60.2,Gianuzzi
397,China,29/12/2017,kgogartyb1@opensource.org,Karolina,Female,398,138.193.0.191,Gogarty
398,Indonesia,21/12/2017,djobbinsb2@hubpages.com,Dee,Female,399,132.195.47.94,Jobbins
399,Serbia,24/10/2017,ecathersidesb3@chron.com,Ezekiel,Male,400,62.74.17.235,Cathersides
400,China,26/02/2018,bhucklebyb4@time.com,Blanca,Female,401,83.51.87.192,Huckleby
401,China,18/02/2018,atredwellb5@homestead.com,Anstice,Female,402,144.200.180.238,Tredwell
402,Afghanistan,18/05/2018,ggouldstrawb6@apache.org,Gabbie,Male,403,254.173.200.101,Gouldstraw
403,Serbia,09/02/2018,gbuxtonb7@issuu.com,Greer,Female,404,59.4.252.213,Buxton
404,Philippines,21/09/2018,gcoolingb8@go.com,Gwenora,Female,405,124.127.208.171,Cooling
405,China,02/04/2018,ssowerbyb9@friendfeed.com,Susann,Female,406,165.236.74.204,Sowerby
406,Philippines,26/10/2017,nalsopba@posterous.com,Nestor,Male,407,167.150.39.87,Alsop
407,French Polynesia,04/11/2017,dbridebb@businesswire.com,Donielle,Female,408,223.2.6.85,Bride
408,Greece,27/08/2018,spikenbc@addtoany.com,Sayers,Male,409,75.237.233.65,Piken
409,Russia,04/05/2018,hbasonbd@cyberchimps.com,Hermione,Female,410,87.5.136.184,Bason
410,Poland,22/11/2017,jcucksonbe@amazon.de,Jinny,Female,411,91.55.86.26,Cuckson
411,New Zealand,23/06/2018,lgorghettobf@nba.com,Loren,Male,412,58.74.58.136,Gorghetto
412,Argentina,07/08/2018,aelpheebg@newsvine.com,Andre,Male,413,54.118.100.2,Elphee
413,Kazakhstan,30/05/2018,kmangenetbh@wordpress.org,Kandy,Female,414,90.35.90.57,Mangenet
414,United States,29/11/2017,faugustusbi@ehow.com,Feliks,Male,415,254.44.219.75,Augustus
415,Russia,06/08/2018,anasebybj@discuz.net,Anallise,Female,416,64.43.3.88,Naseby
416,China,04/09/2018,gcarrierbk@rambler.ru,Ginny,Female,417,73.235.188.212,Carrier
417,Indonesia,18/12/2017,enorhenybl@princeton.edu,Estelle,Female,418,242.102.204.53,Norheny
418,Saint Kitts And Nevis,30/03/2018,flangsburybm@ustream.tv,Flemming,Male,419,101.206.192.236,Langsbury
419,Poland,24/07/2018,jsictornesbn@utexas.edu,Jenica,Female,420,158.247.91.50,Sictornes
420,United States,29/07/2018,mgaskellbo@nature.com,Matthaeus,Male,421,199.52.222.246,Gaskell
421,China,15/11/2017,astainesbp@discuz.net,Andriette,Female,422,79.188.12.7,Staines
422,Kazakhstan,03/04/2018,psircombebq@sphinn.com,Pollyanna,Female,423,59.44.236.213,Sircombe
423,China,13/09/2018,gfroudebr@bravesites.com,Grenville,Male,424,35.175.237.244,Froude
424,China,05/07/2018,tdurbannbs@is.gd,Thibaud,Male,425,18.70.36.30,Durbann
425,China,31/08/2018,msteaningbt@studiopress.com,Merline,Female,426,36.168.137.61,Steaning
426,Sweden,22/09/2018,afrisebu@columbia.edu,Arvin,Male,427,155.179.95.20,Frise
427,Norway,07/08/2018,cgallenbv@pagesperso-orange.fr,Charil,Female,428,238.63.104.253,Gallen
428,Brazil,24/08/2018,cdonahobw@yolasite.com,Corliss,Female,429,143.1.79.169,Donaho
429,Denmark,01/11/2017,mbarendtsenbx@indiatimes.com,Morse,Male,430,12.71.150.156,Barendtsen
430,Serbia,08/09/2018,agrevelby@360.cn,Abbott,Male,431,251.34.29.201,Grevel
431,Nigeria,01/07/2018,cosmantbz@arstechnica.com,Corrine,Female,432,41.46.106.220,Osmant
432,United States,25/07/2018,nsailorc0@utexas.edu,Norby,Male,433,103.149.239.171,Sailor
433,Thailand,07/05/2018,gdelahayc1@buzzfeed.com,Gwyneth,Female,434,199.213.175.53,De La Hay
434,Mexico,06/09/2018,santoniasc2@seattletimes.com,Sam,Female,435,185.114.247.215,Antonias
435,China,12/06/2018,gcrozierc3@parallels.com,Giulietta,Female,436,202.222.118.207,Crozier
436,Serbia,14/03/2018,jledgardc4@hp.com,Joanna,Female,437,215.82.86.223,Ledgard
437,Indonesia,19/05/2018,soatenc5@si.edu,Suzanna,Female,438,48.248.249.240,Oaten
438,Czech Republic,01/07/2018,trandlesomec6@europa.eu,Theodor,Male,439,163.11.50.85,Randlesome
439,Albania,23/01/2018,abulfoyc7@cloudflare.com,Andy,Female,440,240.93.160.100,Bulfoy
440,China,17/01/2018,rleydenc8@wix.com,Russ,Male,441,244.144.171.216,Leyden
441,Hungary,02/01/2018,spumphreyc9@cnet.com,Selle,Female,442,189.244.182.240,Pumphrey
442,China,12/09/2018,tixorca@yellowbook.com,Tiffy,Female,443,164.22.27.175,Ixor
443,Czech Republic,16/12/2017,cdemanncb@privacy.gov.au,Cris,Male,444,232.19.86.4,Demann
444,Liberia,04/08/2018,csextonecc@wisc.edu,Cletis,Male,445,194.92.209.247,Sextone
445,Indonesia,13/03/2018,gwhacketcd@mapquest.com,Geno,Male,446,197.175.97.92,Whacket
446,Poland,31/07/2018,titskovitzce@weather.com,Tabby,Female,447,185.1.55.116,Itskovitz
447,China,07/05/2018,adurekcf@accuweather.com,Aurilia,Female,448,9.252.128.81,Durek
448,China,18/10/2017,ptaffleycg@thetimes.co.uk,Parker,Male,449,133.205.4.53,Taffley
449,China,25/09/2018,ecatleych@delicious.com,Eolanda,Female,450,56.29.205.237,Catley
450,South Korea,21/07/2018,cderocheci@dyndns.org,Clo,Female,451,118.237.82.76,Deroche
451,China,10/08/2018,bdifrancecshicj@cornell.edu,Beckie,Female,452,70.245.106.218,Di Francecshi
452,Japan,18/10/2017,vhunstonck@php.net,Violetta,Female,453,116.249.10.130,Hunston
453,Portugal,11/05/2018,tparleycl@stanford.edu,Tristam,Male,454,248.166.92.187,Parley
454,Sweden,26/04/2018,sminocchicm@yellowpages.com,Sabrina,Female,455,89.21.62.43,Minocchi
455,Poland,25/03/2018,fspinellocn@tumblr.com,Fletcher,Male,456,96.234.103.159,Spinello
456,Germany,06/08/2018,rwitardco@constantcontact.com,Rosanna,Female,457,27.181.238.221,Witard
457,China,15/06/2018,ggrichukhanovcp@imgur.com,Greta,Female,458,41.84.216.147,Grichukhanov
458,Philippines,15/12/2017,pleiskcq@archive.org,Pippo,Male,459,80.68.6.73,Leisk
459,Albania,07/06/2018,dwasscr@ask.com,Daisy,Female,460,174.247.114.121,Wass
460,Greece,08/10/2017,corrisscs@sina.com.cn,Chloe,Female,461,82.147.92.147,Orriss
461,Peru,27/11/2017,etownsleyct@hostgator.com,Esma,Female,462,54.79.177.134,Townsley
462,Brazil,31/12/2017,mcosticu@dropbox.com,Margeaux,Female,463,62.80.210.230,Costi
463,Bolivia,17/04/2018,tbalcockcv@skyrock.com,Terry,Male,464,20.210.37.76,Balcock
464,China,09/03/2018,gsaichcw@answers.com,Gay,Male,465,91.214.89.146,Saich
465,China,03/12/2017,sduffilcx@psu.edu,Sarene,Female,466,88.109.20.81,Duffil
466,China,21/02/2018,jrubertiscy@latimes.com,Janeta,Female,467,192.132.21.34,Rubertis
467,China,06/09/2018,wfewstercz@whitehouse.gov,Wade,Male,468,202.105.15.248,Fewster
468,Canada,06/02/2018,hbrokenshawd0@mtv.com,Honor,Female,469,44.232.114.102,Brokenshaw
469,China,13/05/2018,bbrutond1@alexa.com,Brewster,Male,470,254.38.21.191,Bruton
470,Russia,03/08/2018,fcaveneyd2@wikimedia.org,Filippo,Male,471,190.193.84.57,Caveney
471,China,03/01/2018,mdepped3@t.co,Missie,Female,472,68.171.118.127,Deppe
472,Indonesia,08/07/2018,dchristofidesd4@cdc.gov,Dougie,Male,473,48.241.174.97,Christofides
473,Lithuania,21/07/2018,shinzerd5@abc.net.au,Shir,Female,474,169.109.121.206,Hinzer
474,Indonesia,22/09/2018,eisgard6@mail.ru,Elmo,Male,475,181.251.204.116,Isgar
475,China,02/09/2018,avonweldend7@storify.com,Andra,Female,476,76.13.84.7,Von Welden
476,Ireland,12/04/2018,sslarkd8@hugedomains.com,Sisely,Female,477,88.211.124.61,Slark
477,Philippines,15/05/2018,rfallanched9@google.it,Rhodie,Female,478,60.62.32.59,Fallanche
478,Indonesia,21/12/2017,lgillamda@nytimes.com,Lin,Male,479,63.158.90.2,Gillam
479,United States,24/02/2018,tkohlermandb@eventbrite.com,Turner,Male,480,156.211.37.90,Kohlerman
480,Ireland,28/08/2018,pklimentyevdc@edublogs.org,Prinz,Male,481,38.116.1.131,Klimentyev
481,Poland,15/01/2018,tphillippsdd@microsoft.com,Tallie,Male,482,48.68.29.143,Phillipps
482,Poland,30/10/2017,lzorzide@buzzfeed.com,Lesley,Female,483,107.167.34.121,Zorzi
483,Venezuela,12/04/2018,ygyngylldf@toplist.cz,Yard,Male,484,149.9.241.119,Gyngyll
484,China,21/04/2018,lswainsdg@cbslocal.com,Leilah,Female,485,100.23.150.71,Swains
485,China,05/03/2018,mmckibbindh@vk.com,Marwin,Male,486,240.29.54.76,McKibbin
486,China,29/03/2018,bfarlowedi@goodreads.com,Belia,Female,487,153.180.75.234,Farlowe
487,Guatemala,13/01/2018,cbuttingdj@imageshack.us,Chrissy,Female,488,191.186.74.56,Butting
488,Venezuela,14/03/2018,oweissdk@paypal.com,Ogdan,Male,489,145.70.197.128,Weiss
489,Japan,11/11/2017,jduesterdl@cbslocal.com,Joella,Female,490,50.137.135.86,Duester
490,Philippines,04/11/2017,mstutedm@soundcloud.com,Maison,Male,491,176.219.191.208,Stute
491,Russia,01/08/2018,mdolligondn@ca.gov,Melvin,Male,492,50.64.153.38,Dolligon
492,Indonesia,13/12/2017,cruthvendo@hubpages.com,Chandler,Male,493,112.58.149.10,Ruthven
493,Chile,24/12/2017,okerswilldp@washingtonpost.com,Orelee,Female,494,64.72.95.31,Kerswill
494,Sweden,06/06/2018,atomsudq@gizmodo.com,Andrea,Male,495,58.47.40.199,Tomsu
495,China,02/04/2018,kcarrackdr@yolasite.com,Konstance,Female,496,195.213.227.195,Carrack
496,China,28/03/2018,bsoftleyds@europa.eu,Brigitte,Female,497,138.105.35.95,Softley
497,Canada,24/12/2017,boldreddt@shutterfly.com,Basilio,Male,498,40.197.226.73,Oldred
498,Russia,04/06/2018,scarberydu@squidoo.com,Sibyl,Female,499,216.131.180.219,Carbery
499,Philippines,28/06/2018,bshaddickdv@bluehost.com,Brandea,Female,500,225.231.200.223,Shaddick
500,Japan,17/05/2018,churdledw@yahoo.com,Claudio,Male,501,214.130.41.216,Hurdle
501,China,15/02/2018,lstudholmedx@exblog.jp,Lorie,Female,502,60.32.215.102,Studholme
502,Uzbekistan,10/07/2018,apursehousedy@mapquest.com,Anet,Female,503,131.214.145.81,Pursehouse
503,Indonesia,14/03/2018,nabramowitchdz@squidoo.com,Ninon,Female,504,31.131.194.194,Abramowitch
504,Ukraine,10/09/2018,brahlofe0@usda.gov,Beryle,Female,505,247.69.243.81,Rahlof
505,China,03/06/2018,npancoste1@nymag.com,Nick,Male,506,61.78.101.87,Pancost
506,Philippines,09/08/2018,btrehere2@earthlink.net,Bradley,Male,507,118.139.184.205,Treher
507,Albania,01/02/2018,flagene3@army.mil,Florance,Female,508,94.73.239.125,Lagen
508,Slovenia,30/09/2017,klindwassere4@mac.com,Kassey,Female,509,234.135.23.168,Lindwasser
509,Sweden,24/06/2018,kbrunonee5@whitehouse.gov,Kyla,Female,510,78.180.194.171,Brunone
510,Philippines,03/02/2018,dsimane6@vkontakte.ru,Davis,Male,511,242.53.149.15,Siman
511,China,17/06/2018,cnoddingse7@tiny.cc,Consuelo,Female,512,25.126.249.115,Noddings
512,Canada,20/04/2018,wgisbeye8@eepurl.com,Washington,Male,513,199.2.160.99,Gisbey
513,Russia,29/03/2018,hmorrisone9@clickbank.net,Henrietta,Female,514,247.171.104.0,Morrison
514,Indonesia,01/06/2018,amacpeiceea@google.com.hk,Adelbert,Male,515,87.101.254.163,MacPeice
515,Portugal,27/09/2018,mturfordeb@ucoz.com,Manya,Female,516,74.78.183.77,Turford
516,Czech Republic,21/06/2018,elasselleec@hugedomains.com,Ewell,Male,517,172.107.221.118,Lasselle
517,Portugal,21/05/2018,lmiskened@cbsnews.com,Luca,Male,518,227.170.39.180,Misken
518,Japan,21/07/2018,mcrosbieee@mediafire.com,Milzie,Female,519,43.93.18.179,Crosbie
519,Russia,11/01/2018,mlovejoyef@twitter.com,Malva,Female,520,4.130.91.116,Lovejoy
520,Nigeria,11/06/2018,mschachtereg@usa.gov,Mitzi,Female,521,234.18.183.178,Schachter
521,China,21/07/2018,mpautardeh@techcrunch.com,Mathias,Male,522,128.178.191.117,Pautard
522,Myanmar,12/09/2018,soleyei@hugedomains.com,Shirlene,Female,523,71.14.69.190,Oley
523,Indonesia,18/04/2018,aspikingsej@ovh.net,Addy,Female,524,76.97.63.90,Spikings
524,France,04/03/2018,mjachtymek@berkeley.edu,Merlina,Female,525,85.184.248.43,Jachtym
525,Indonesia,14/04/2018,rerlamel@fda.gov,Reese,Male,526,209.251.55.2,Erlam
526,Indonesia,14/05/2018,amacquarrieem@taobao.com,Arel,Male,527,239.169.9.41,MacQuarrie
527,Russia,10/12/2017,kseddonen@histats.com,Kenneth,Male,528,208.246.116.221,Seddon
528,Philippines,04/09/2018,nbennereo@apple.com,Niles,Male,529,0.25.107.208,Benner
529,Indonesia,23/04/2018,mtraceyep@theatlantic.com,Mellie,Female,530,147.162.64.166,Tracey
530,Indonesia,14/04/2018,adarlassoneq@booking.com,Aksel,Male,531,106.176.44.224,Darlasson
531,Azerbaijan,25/04/2018,greynaldser@multiply.com,Gilberta,Female,532,190.254.216.251,Reynalds
532,China,20/06/2018,amatheyes@behance.net,Adoree,Female,533,234.77.199.101,Mathey
533,Palestinian Territory,18/05/2018,apethericket@sogou.com,Ame,Female,534,211.144.194.228,Petherick
534,South Korea,12/07/2018,eschuelckeeu@boston.com,Ellwood,Male,535,40.169.132.170,Schuelcke
535,Russia,20/05/2018,eglanvilleev@webmd.com,Eugene,Male,536,56.191.152.236,Glanville
536,Philippines,28/09/2017,swrightemew@patch.com,Sunny,Male,537,58.182.35.71,Wrightem
537,China,30/12/2017,amacfallex@illinois.edu,Abner,Male,538,120.93.36.120,MacFall
538,Colombia,28/10/2017,crangeleyey@bloglines.com,Chelsey,Female,539,39.167.174.167,Rangeley
539,Indonesia,31/07/2018,cnelesez@purevolume.com,Calypso,Female,540,112.189.181.50,Neles
540,Portugal,26/03/2018,mwycherleyf0@sfgate.com,Monro,Male,541,134.146.247.144,Wycherley
541,New Zealand,03/09/2018,grapsonf1@hibu.com,Georgette,Female,542,146.23.36.53,Rapson
542,Yemen,31/01/2018,lduckeringf2@google.com,Logan,Male,543,23.60.157.147,Duckering
543,Thailand,01/11/2017,mboyetf3@github.io,Mikaela,Female,544,56.44.177.52,Boyet
544,France,22/08/2018,ibarthelmesf4@apache.org,Immanuel,Male,545,185.123.79.190,Barthelmes
545,Costa Rica,27/02/2018,baldenf5@e-recht24.de,Benedikt,Male,546,100.142.179.127,Alden
546,Ukraine,05/04/2018,rtalkingtonf6@icq.com,Rosalind,Female,547,171.135.29.178,Talkington
547,China,02/09/2018,bzannellif7@auda.org.au,Bartholomew,Male,548,148.160.227.58,Zannelli
548,Costa Rica,04/03/2018,mjaneckif8@dedecms.com,Mathias,Male,549,223.155.55.56,Janecki
549,France,20/02/2018,hwallsworthf9@i2i.jp,Hobard,Male,550,190.172.53.156,Wallsworth
550,Croatia,08/09/2018,ecalderfa@arstechnica.com,Ellery,Male,551,77.78.9.195,Calder
551,Niger,24/07/2018,ddurningfb@gmpg.org,Doy,Male,552,10.201.222.114,Durning
552,Poland,24/08/2018,gvandecastelefc@hostgator.com,Gloriane,Female,553,159.22.71.62,Van de Castele
553,Indonesia,03/04/2018,ltraceyfd@mtv.com,Loralie,Female,554,132.255.169.65,Tracey
554,Gabon,28/07/2018,clavignefe@blinklist.com,Cherianne,Female,555,23.34.196.231,Lavigne
555,Bangladesh,22/05/2018,modoranff@alexa.com,Melina,Female,556,30.111.33.208,O'Doran
556,China,03/07/2018,htrevorfg@php.net,Harri,Female,557,214.238.139.88,Trevor
557,Malaysia,24/11/2017,bchaperlingfh@cdc.gov,Brooks,Male,558,66.243.212.196,Chaperling
558,France,26/01/2018,arapifi@wordpress.com,Abra,Female,559,199.92.155.27,Rapi
559,Philippines,06/06/2018,kreynefj@domainmarket.com,Kent,Male,560,86.164.63.212,Reyne
560,Philippines,01/01/2018,jkinworthyfk@friendfeed.com,Jayson,Male,561,210.190.175.7,Kinworthy
561,China,18/03/2018,wcrocketfl@macromedia.com,Willdon,Male,562,204.85.149.100,Crocket
562,Japan,06/05/2018,nparnellfm@gravatar.com,Nicola,Female,563,208.31.119.55,Parnell
563,Tunisia,13/11/2017,jgiacaponifn@360.cn,June,Female,564,104.10.97.70,Giacaponi
564,Myanmar,14/04/2018,bshalefo@altervista.org,Blanch,Female,565,241.127.206.12,Shale
565,Indonesia,03/07/2018,adinleyfp@businesswire.com,Avivah,Female,566,241.41.177.172,Dinley
566,Poland,04/08/2018,tgallaharfq@dailymotion.com,Thorny,Male,567,66.229.86.119,Gallahar
567,Cuba,13/04/2018,kstanlickfr@economist.com,Kenny,Male,568,71.89.242.24,Stanlick
568,Dominica,22/09/2018,bdendonfs@photobucket.com,Betti,Female,569,128.181.99.244,Dendon
569,Afghanistan,06/02/2018,geveleighft@earthlink.net,Gloriana,Female,570,235.162.232.108,Eveleigh
570,Russia,11/12/2017,jwellsfu@homestead.com,Jasmin,Female,571,236.215.152.129,Wells
571,Philippines,26/09/2018,wmayzesfv@geocities.com,Winifield,Male,572,9.62.15.117,Mayzes
572,Philippines,20/07/2018,mhavercroftfw@nydailynews.com,Maurizio,Male,573,232.164.7.114,Havercroft
573,United States,03/03/2018,bduffinfx@artisteer.com,Bradly,Male,574,163.16.58.55,Duffin
574,United States,20/09/2018,jiwaszkiewiczfy@hp.com,Jonathon,Male,575,33.114.14.200,Iwaszkiewicz
575,Nigeria,04/04/2018,djaillerfz@sogou.com,Devin,Male,576,68.75.30.102,Jailler
576,Indonesia,01/05/2018,dbalmanng0@surveymonkey.com,Dagmar,Female,577,167.203.253.75,Balmann
577,France,16/03/2018,mtorrejong1@tripadvisor.com,Malcolm,Male,578,184.194.83.6,Torrejon
578,Dominican Republic,04/03/2018,mrousellg2@etsy.com,Mag,Female,579,244.127.141.158,Rousell
579,Indonesia,13/01/2018,saishg3@fotki.com,Sarajane,Female,580,216.230.200.89,Aish
580,Greece,20/01/2018,agorhardtg4@wisc.edu,Alphonso,Male,581,54.159.127.131,Gorhardt
581,Ethiopia,19/04/2018,cthelwllg5@toplist.cz,Carlina,Female,582,147.210.60.43,Thelwll
582,Iran,29/03/2018,athurlborng6@hubpages.com,Ardelle,Female,583,46.147.112.211,Thurlborn
583,Colombia,16/11/2017,vaskerg7@netscape.com,Victoria,Female,584,5.123.198.3,Asker
584,Guatemala,26/05/2018,mkorfg8@altervista.org,Mervin,Male,585,201.212.111.251,Korf
585,Russia,20/09/2018,sblitzg9@eventbrite.com,Stace,Female,586,181.71.7.246,Blitz
586,French Polynesia,26/12/2017,shardemanga@aboutads.info,Sybyl,Female,587,79.187.50.135,Hardeman
587,Indonesia,05/04/2018,vryegb@harvard.edu,Vanessa,Female,588,119.188.54.4,Rye
588,Palestinian Territory,05/08/2018,lfryergc@pagesperso-orange.fr,Lynnelle,Female,589,115.127.73.200,Fryer
589,Benin,17/01/2018,clyddiattgd@bandcamp.com,Calida,Female,590,71.143.200.68,Lyddiatt
590,Russia,14/04/2018,ltaylorsonge@va.gov,Langston,Male,591,83.58.205.214,Taylorson
591,Nigeria,18/10/2017,dleningf@over-blog.com,Domenic,Male,592,215.72.200.216,Lenin
592,Paraguay,22/02/2018,rstychgg@washington.edu,Rita,Female,593,44.139.222.197,Stych
593,Colombia,21/03/2018,lpentingh@cbsnews.com,Lowe,Male,594,142.155.25.151,Pentin
594,Indonesia,01/03/2018,mcoppardgi@creativecommons.org,Mella,Female,595,143.61.76.5,Coppard
595,China,27/07/2018,jbohlergj@indiatimes.com,Jerri,Male,596,214.179.82.9,Bohler
596,Philippines,30/08/2018,tproshgk@nationalgeographic.com,Tucker,Male,597,79.193.201.65,Prosh
597,Comoros,10/02/2018,wkeningtongl@gnu.org,Wendall,Male,598,92.209.40.227,Kenington
598,China,05/10/2017,jpalaygm@themeforest.net,Jackie,Male,599,23.226.211.100,Palay
599,Nigeria,25/03/2018,apayngn@nasa.gov,Allistir,Male,600,39.100.109.92,Payn
600,Serbia,15/04/2018,tosantgo@posterous.com,Theobald,Male,601,153.0.215.140,Osant
601,Russia,02/08/2018,pkubugp@tripadvisor.com,Padriac,Male,602,198.194.206.230,Kubu
602,China,23/01/2018,mcostleygq@discovery.com,Michale,Male,603,3.244.141.200,Costley
603,Argentina,13/10/2017,hmacallastergr@alibaba.com,Helenelizabeth,Female,604,36.223.153.223,MacAllaster
604,China,21/08/2018,sbanthamgs@pinterest.com,Sallie,Female,605,229.206.148.32,Bantham
605,China,04/04/2018,ggonnellygt@fastcompany.com,Gauthier,Male,606,149.0.113.112,Gonnelly
606,Kazakhstan,02/11/2017,vmaccorleygu@theatlantic.com,Vasilis,Male,607,31.140.207.133,MacCorley
607,United States,04/01/2018,klodwiggv@amazon.de,Keary,Male,608,251.149.108.240,Lodwig
608,Greece,01/12/2017,ymaceurgw@de.vu,Yolanthe,Female,609,113.44.189.197,Maceur
609,Mexico,05/09/2018,mavramchikgx@theglobeandmail.com,Margy,Female,610,208.172.8.65,Avramchik
610,Venezuela,26/11/2017,abrunsdengy@phpbb.com,Anton,Male,611,169.192.163.173,Brunsden
611,Philippines,05/05/2018,colliargz@msn.com,Cameron,Male,612,176.223.85.19,Olliar
612,Russia,22/07/2018,hmorfordh0@etsy.com,Hermine,Female,613,32.119.240.95,Morford
613,China,17/12/2017,adevaanh1@yale.edu,Annabelle,Female,614,240.215.148.45,De Vaan
614,Jordan,15/12/2017,gprangerh2@ted.com,Gussie,Female,615,186.111.104.248,Pranger
615,France,16/05/2018,hgrishaginh3@tripadvisor.com,Hiram,Male,616,80.72.206.133,Grishagin
616,Philippines,21/08/2018,aspauleh4@yahoo.com,Alexis,Female,617,146.164.139.124,Spaule
617,Indonesia,05/08/2018,sreadeh5@prweb.com,Scott,Male,618,191.241.235.80,Reade
618,China,20/05/2018,thilbourneh6@wikimedia.org,Tobias,Male,619,152.197.76.74,Hilbourne
619,Indonesia,14/01/2018,rstoodleyh7@xinhuanet.com,Ransell,Male,620,145.172.144.165,Stoodley
620,China,22/07/2018,jcruddash8@amazon.co.jp,Jens,Male,621,123.17.51.170,Cruddas
621,China,03/09/2018,rcassarh9@vk.com,Roanne,Female,622,73.160.199.128,Cassar
622,Philippines,03/11/2017,jblanckleyha@cdc.gov,Jessalin,Female,623,102.31.104.62,Blanckley
623,Serbia,07/03/2018,jvokeshb@columbia.edu,Jonathan,Male,624,35.13.109.26,Vokes
624,China,18/07/2018,nalesohc@pinterest.com,Natty,Male,625,174.32.162.101,Aleso
625,Indonesia,23/08/2018,flumbyhd@who.int,Filberte,Male,626,160.11.209.130,Lumby
626,France,20/05/2018,hjanickihe@theglobeandmail.com,Hersch,Male,627,3.128.219.81,Janicki
627,Colombia,25/08/2018,nblabiehf@springer.com,Ninon,Female,628,97.250.116.251,Blabie
628,China,10/12/2017,mambroziakhg@chicagotribune.com,Marvin,Male,629,173.194.231.57,Ambroziak
629,Kazakhstan,14/11/2017,bhacaudhh@sitemeter.com,Bartlet,Male,630,55.194.127.126,Hacaud
630,China,11/02/2018,bshovlinhi@discuz.net,Burnard,Male,631,251.237.61.112,Shovlin
631,Philippines,26/11/2017,rtembeyhj@hc360.com,Rosco,Male,632,187.59.162.123,Tembey
632,China,27/01/2018,jhallbordhk@moonfruit.com,Jacky,Male,633,182.178.230.64,Hallbord
633,Serbia,15/04/2018,bmelvinhl@upenn.edu,Barbie,Female,634,134.108.57.205,Melvin
634,Canada,28/06/2018,wfaashm@omniture.com,Wynn,Male,635,66.34.189.82,Faas
635,Brazil,14/01/2018,rsharkeyhn@nbcnews.com,Richart,Male,636,228.251.203.88,Sharkey
636,United States,17/07/2018,lchrispinho@merriam-webster.com,Lockwood,Male,637,48.57.90.38,Chrispin
637,Nigeria,07/01/2018,rsawellhp@printfriendly.com,Roxanne,Female,638,207.27.189.254,Sawell
638,Ethiopia,08/10/2017,rdrezzerhq@qq.com,Reiko,Female,639,165.30.140.52,Drezzer
639,China,26/01/2018,atinniswoodhr@moonfruit.com,Aura,Female,640,209.11.186.219,Tinniswood
640,Sweden,10/05/2018,jwoodburnhs@4shared.com,Joshuah,Male,641,201.127.202.161,Woodburn
641,Brazil,19/12/2017,smccrackenht@skyrock.com,Shaine,Male,642,166.218.168.95,McCracken
642,Russia,25/05/2018,tellerkerhu@tamu.edu,Tiffani,Female,643,218.106.107.138,Ellerker
643,Sweden,01/04/2018,fohrtmannhv@comcast.net,Filberte,Male,644,184.202.116.75,Ohrtmann
644,Vietnam,19/03/2018,csnartthw@imdb.com,Clementius,Male,645,36.110.29.144,Snartt
645,Indonesia,14/12/2017,rjosuweithx@bizjournals.com,Rollins,Male,646,25.138.103.46,Josuweit
646,China,12/06/2018,ldobellhy@e-recht24.de,Lynde,Female,647,99.138.73.22,Dobell
647,China,28/07/2018,bhandeshz@microsoft.com,Bertha,Female,648,87.74.168.54,Handes
648,Azerbaijan,14/08/2018,jsalteri0@jugem.jp,Jewel,Female,649,213.140.199.105,Salter
649,Indonesia,11/05/2018,lbuttoni1@prnewswire.com,Ludovika,Female,650,6.8.236.84,Button
650,Armenia,07/02/2018,bpenrithi2@blogger.com,Brigid,Female,651,26.210.1.161,Penrith
651,Portugal,01/04/2018,swollandi3@cbc.ca,Stavro,Male,652,24.221.99.81,Wolland
652,Indonesia,01/06/2018,psherrotti4@wufoo.com,Payton,Male,653,169.35.222.129,Sherrott
653,Democratic Republic Of The Congo,01/09/2018,karnleyi5@163.com,Karlan,Male,654,244.23.23.111,Arnley
654,Germany,25/01/2018,nshellcrossi6@chronoengine.com,Natalya,Female,655,153.92.22.151,Shellcross
655,Philippines,05/12/2017,hsenechaulti7@wikipedia.org,Hamish,Male,656,76.200.148.247,Senechault
656,United States,21/08/2018,psobtkai8@smugmug.com,Phillida,Female,657,140.106.118.153,Sobtka
657,Bangladesh,19/12/2017,dockendoni9@psu.edu,Damon,Male,658,154.109.75.7,Ockendon
658,South Korea,01/11/2017,btotterdellia@guardian.co.uk,Bat,Male,659,22.41.58.60,Totterdell
659,Sweden,19/12/2017,rlehmannib@newsvine.com,Rodrique,Male,660,28.210.71.74,Lehmann
660,China,27/05/2018,wperrygoic@dropbox.com,Wilt,Male,661,32.22.169.50,Perrygo
661,Czech Republic,24/03/2018,hsaltmarsheid@sbwire.com,Hamlen,Male,662,207.25.120.19,Saltmarshe
662,Belarus,02/12/2017,joshieldsie@businessweek.com,Jilli,Female,663,144.98.36.193,O'Shields
663,Guatemala,24/04/2018,lbrisif@spiegel.de,Loleta,Female,664,120.58.245.73,Bris
664,Somalia,29/07/2018,ntribbeckig@theglobeandmail.com,Noella,Female,665,92.136.81.189,Tribbeck
665,Czech Republic,22/09/2018,kbruntjenih@amazon.de,Kenton,Male,666,226.103.66.24,Bruntjen
666,Poland,28/03/2018,fmacgiollapheadairii@omniture.com,Ferdinande,Female,667,162.178.10.167,MacGiolla Pheadair
667,China,19/11/2017,ssuteij@noaa.gov,Sascha,Female,668,2.232.67.238,Sute
668,France,08/07/2018,cgolsonik@cnbc.com,Conan,Male,669,238.9.63.120,Golson
669,Sweden,13/05/2018,alatorreil@bluehost.com,Averill,Male,670,22.12.184.138,La Torre
670,Greece,02/09/2018,reaglingim@w3.org,Raffarty,Male,671,23.170.65.21,Eagling
671,Portugal,21/12/2017,mturneyin@t.co,Maximo,Male,672,251.128.65.0,Turney
672,China,11/07/2018,lbrothersio@free.fr,Lance,Male,673,61.246.16.199,Brothers
673,Japan,24/04/2018,hconeyip@shinystat.com,Hank,Male,674,205.134.43.86,Coney
674,Philippines,06/07/2018,sgammackiq@google.cn,Stace,Female,675,124.40.225.86,Gammack
675,Mauritius,03/05/2018,rshemiltir@networksolutions.com,Rosco,Male,676,187.172.206.91,Shemilt
676,Nigeria,11/07/2018,sgreenhallis@uiuc.edu,Simone,Male,677,67.188.152.123,Greenhall
677,Russia,24/11/2017,rseegerit@bluehost.com,Roman,Male,678,96.209.164.219,Seeger
678,Indonesia,19/07/2018,bblacketiu@scientificamerican.com,Ban,Male,679,3.154.107.34,Blacket
679,Argentina,30/09/2017,rdulwichiv@phoca.cz,Rainer,Male,680,118.45.26.186,Dulwich
680,Russia,11/06/2018,dtrimmelliw@flickr.com,Denver,Male,681,193.129.28.42,Trimmell
681,Mongolia,04/08/2018,smiskenix@liveinternet.ru,Selia,Female,682,58.34.255.124,Misken
682,Japan,23/05/2018,aingyoniy@japanpost.jp,Aldis,Male,683,121.241.219.30,Ingyon
683,France,07/05/2018,ltrazziiz@dion.ne.jp,Laural,Female,684,30.123.133.149,Trazzi
684,Tanzania,24/06/2018,vcoyettj0@hibu.com,Veronica,Female,685,194.39.8.187,Coyett
685,Finland,13/06/2018,lrensj1@nps.gov,Luise,Female,686,192.11.200.200,Rens
686,China,11/03/2018,emonketonj2@lycos.com,Erinna,Female,687,103.174.68.139,Monketon
687,China,29/08/2018,cfurnessj3@msn.com,Cleveland,Male,688,156.195.165.46,Furness
688,Russia,09/12/2017,dreddochj4@mlb.com,Darline,Female,689,137.31.210.15,Reddoch
689,Japan,23/09/2018,golivelloj5@blogtalkradio.com,Gwenora,Female,690,248.180.209.28,Olivello
690,China,16/03/2018,hpenquetj6@1688.com,Harrison,Male,691,203.63.201.216,Penquet
691,Japan,10/06/2018,lwardinglyj7@seattletimes.com,Lorraine,Female,692,150.241.205.122,Wardingly
692,Argentina,09/11/2017,wjellyj8@acquirethisname.com,Wildon,Male,693,149.43.125.158,Jelly
693,China,06/03/2018,ehakonssonj9@alibaba.com,Enoch,Male,694,17.202.231.164,Hakonsson
694,Denmark,06/12/2017,ocleatonja@bigcartel.com,Olympe,Female,695,45.186.207.253,Cleaton
695,Canada,21/01/2018,adehmjb@ustream.tv,Abra,Female,696,73.191.91.250,Dehm
696,Indonesia,15/11/2017,cquembyjc@jiathis.com,Cathy,Female,697,254.108.175.68,Quemby
697,Honduras,10/03/2018,ekennfordjd@instagram.com,Eirena,Female,698,104.12.173.28,Kennford
698,Philippines,05/06/2018,dwollastonje@bloomberg.com,Dena,Female,699,172.85.125.105,Wollaston
699,Australia,11/10/2017,fhonischjf@cocolog-nifty.com,Francois,Male,700,109.183.160.24,Honisch
700,China,31/12/2017,pnorthidgejg@devhub.com,Perice,Male,701,80.153.251.140,Northidge
701,Bangladesh,11/02/2018,garnotjh@storify.com,Gerik,Male,702,27.144.62.140,Arnot
702,China,17/11/2017,seberzji@samsung.com,Sinclare,Male,703,103.137.176.235,Eberz
703,Japan,04/04/2018,jhaugenjj@over-blog.com,Jamie,Male,704,63.210.176.6,Haugen
704,Portugal,03/10/2017,gclowsleyjk@google.it,Grete,Female,705,140.152.153.239,Clowsley
705,Egypt,03/01/2018,aisakssonjl@ehow.com,Ardelle,Female,706,231.206.146.242,Isaksson
706,Sweden,10/07/2018,krexworthyjm@acquirethisname.com,Kala,Female,707,154.162.214.197,Rexworthy
707,Aland Islands,26/10/2017,espilstedjn@comcast.net,Estele,Female,708,199.90.123.86,Spilsted
708,United States,18/08/2018,ssprowlejo@merriam-webster.com,Sabrina,Female,709,197.204.91.55,Sprowle
709,China,01/03/2018,vterrilljp@123-reg.co.uk,Valina,Female,710,82.8.78.54,Terrill
710,Indonesia,07/05/2018,ctrussejq@ebay.co.uk,Chelsae,Female,711,173.218.191.195,Trusse
711,Sweden,11/05/2018,tferencowiczjr@seattletimes.com,Thatcher,Male,712,241.99.89.191,Ferencowicz
712,Indonesia,08/06/2018,acawsjs@mac.com,Astra,Female,713,93.225.151.79,Caws
713,Brazil,24/10/2017,bleahyjt@dagondesign.com,Brion,Male,714,207.82.242.118,Leahy
714,Denmark,26/12/2017,tmccallamju@aboutads.info,Tabbie,Female,715,122.73.167.143,McCallam
715,China,29/04/2018,bhaskeyjv@i2i.jp,Burgess,Male,716,201.8.129.36,Haskey
716,Zambia,05/02/2018,jcoojw@topsy.com,June,Female,717,131.91.150.211,Coo
717,Greece,12/11/2017,gmariaudjx@forbes.com,Giordano,Male,718,145.32.202.77,Mariaud
718,China,18/02/2018,gbonasjy@privacy.gov.au,Gard,Male,719,26.172.173.168,Bonas
719,Ukraine,05/11/2017,iskakunasjz@typepad.com,Isaiah,Male,720,230.80.27.55,Skakunas
720,Poland,04/08/2018,akoppelmannk0@cmu.edu,Alayne,Female,721,167.197.43.164,Koppelmann
721,Greece,20/10/2017,dlampkink1@meetup.com,Daria,Female,722,181.217.196.37,Lampkin
722,Indonesia,22/02/2018,nvaughank2@360.cn,Neala,Female,723,195.199.120.130,Vaughan
723,Vietnam,10/11/2017,dmenghik3@newyorker.com,Derrick,Male,724,130.161.208.158,Menghi
724,Indonesia,05/09/2018,ahenmarshk4@businessinsider.com,Alanson,Male,725,144.110.148.94,Henmarsh
725,Russia,25/03/2018,cdunsfordk5@photobucket.com,Connie,Female,726,25.115.86.225,Dunsford
726,Indonesia,28/04/2018,acotheyk6@e-recht24.de,Arlyne,Female,727,23.132.59.228,Cothey
727,Greece,08/07/2018,wkennefickk7@cam.ac.uk,Wendall,Male,728,116.217.142.39,Kennefick
728,Sweden,01/03/2018,whegleyk8@biblegateway.com,Weidar,Male,729,206.30.70.49,Hegley
729,Indonesia,20/02/2018,gceillierk9@mediafire.com,Gertrud,Female,730,172.240.170.227,Ceillier
730,China,18/06/2018,bdanilinka@dailymail.co.uk,Brod,Male,731,48.19.176.114,Danilin
731,Czech Republic,21/08/2018,psoleskb@privacy.gov.au,Patty,Female,732,133.45.162.173,Soles
732,United States,14/01/2018,dsimonoukc@prlog.org,Devora,Female,733,249.12.165.82,Simonou
733,Croatia,16/11/2017,fberreykd@bbc.co.uk,Farlee,Male,734,145.63.160.43,Berrey
734,Poland,05/08/2018,lduddleke@google.it,Lynea,Female,735,22.46.204.73,Duddle
735,China,19/10/2017,wlemingkf@cafepress.com,Weylin,Male,736,151.190.12.57,Leming
736,China,13/05/2018,harmallkg@eventbrite.com,Hadley,Male,737,165.36.199.8,Armall
737,Northern Mariana Islands,30/07/2018,ccaterkh@globo.com,Cory,Female,738,96.160.35.96,Cater
738,Portugal,27/12/2017,floranski@infoseek.co.jp,Fritz,Male,739,139.121.78.66,Lorans
739,France,10/02/2018,pfielderskj@surveymonkey.com,Paxton,Male,740,235.78.143.174,Fielders
740,Indonesia,24/06/2018,hloheringkk@posterous.com,Hendrick,Male,741,162.43.66.43,Lohering
741,Kazakhstan,04/05/2018,hnurdinkl@deviantart.com,Hortensia,Female,742,106.120.182.156,Nurdin
742,Philippines,26/04/2018,ogellandkm@reddit.com,Orella,Female,743,26.3.230.224,Gelland
743,Russia,24/10/2017,mbarstowkn@ucoz.ru,Mattie,Female,744,178.204.164.152,Barstow
744,Denmark,22/10/2017,cthundersko@bandcamp.com,Chip,Male,745,28.76.207.161,Thunders
745,Comoros,28/03/2018,dkillcrosskp@foxnews.com,Dalis,Male,746,157.70.146.34,Killcross
746,Morocco,25/07/2018,slashmorekq@discovery.com,Suzanne,Female,747,137.46.107.154,Lashmore
747,United States,02/11/2017,bgenneykr@noaa.gov,Barbra,Female,748,163.44.30.103,Genney
748,Portugal,23/08/2018,dphilipponks@dagondesign.com,Debra,Female,749,214.157.211.6,Philippon
749,Ireland,20/12/2017,wwheadonkt@chron.com,Willem,Male,750,74.69.126.243,Wheadon
750,Philippines,24/04/2018,yjedrasku@nps.gov,Yetty,Female,751,5.124.217.111,Jedras
751,Argentina,01/10/2017,bjorgekv@rediff.com,Buddy,Male,752,35.205.109.4,Jorge
752,Indonesia,27/09/2018,walcaldekw@dailymail.co.uk,Wendeline,Female,753,161.1.42.140,Alcalde
753,Indonesia,01/05/2018,ssickertkx@nature.com,Sandy,Male,754,24.21.88.196,Sickert
754,Chile,08/07/2018,amewhaky@php.net,Arline,Female,755,225.201.111.25,Mewha
755,Brazil,03/10/2017,mdillonkz@cbc.ca,Malvin,Male,756,102.194.39.157,Dillon
756,Indonesia,17/07/2018,datheisl0@mozilla.com,Dunn,Male,757,11.103.190.0,Atheis
757,Serbia,20/10/2017,eakittl1@hibu.com,Erica,Female,758,188.175.107.241,Akitt
758,Faroe Islands,20/05/2018,darthursl2@reddit.com,Donavon,Male,759,43.84.177.198,Arthurs
759,Albania,03/04/2018,cgaskalll3@tinypic.com,Candace,Female,760,89.2.239.103,Gaskall
760,China,19/08/2018,bdoblel4@meetup.com,Britni,Female,761,235.105.45.87,Doble
761,China,29/07/2018,mbernardinellil5@imdb.com,Marlyn,Female,762,29.118.94.57,Bernardinelli
762,Indonesia,19/09/2018,wpetryl6@studiopress.com,Wiley,Male,763,73.4.64.129,Petry
763,Uzbekistan,28/11/2017,dyarrl7@salon.com,Denys,Male,764,71.15.51.124,Yarr
764,Philippines,06/07/2018,ctzukerl8@last.fm,Cassey,Female,765,153.108.122.102,Tzuker
765,Greece,04/04/2018,vmunroel9@squidoo.com,Valerie,Female,766,134.77.186.189,Munroe
766,Malaysia,18/10/2017,pleithharveyla@ameblo.jp,Phip,Male,767,168.54.219.61,Leith-Harvey
767,Sweden,03/07/2018,bcorintonlb@mediafire.com,Bobbie,Female,768,225.197.39.91,Corinton
768,United States,09/05/2018,ptwinninglc@hatena.ne.jp,Patrizius,Male,769,57.71.238.178,Twinning
769,Japan,22/04/2018,smcleodld@ask.com,Stu,Male,770,166.90.204.248,McLeod
770,Philippines,19/03/2018,pkellockle@chronoengine.com,Padraig,Male,771,231.30.110.246,Kellock
771,France,09/08/2018,sdurbridgelf@imgur.com,Silvia,Female,772,202.241.174.31,Durbridge
772,Chile,08/04/2018,mcapunlg@chicagotribune.com,Mead,Female,773,58.112.127.254,Capun
773,China,02/05/2018,fteodorolh@example.com,Fidela,Female,774,94.107.227.33,Teodoro
774,Portugal,20/11/2017,tdelascili@nsw.gov.au,Thomas,Male,775,37.169.164.69,De Lasci
775,Philippines,08/01/2018,sbrasslj@sciencedaily.com,Star,Female,776,86.30.248.246,Brass
776,France,18/12/2017,prizzolk@gmpg.org,Putnam,Male,777,108.103.58.8,Rizzo
777,Honduras,01/01/2018,twindaybankll@nsw.gov.au,Talia,Female,778,62.131.255.65,Windaybank
778,Guatemala,16/04/2018,afarneylm@constantcontact.com,Anetta,Female,779,91.190.208.53,Farney
779,Ecuador,17/10/2017,rmaultbyln@google.co.uk,Rod,Male,780,214.67.185.9,Maultby
780,Russia,21/02/2018,sgostridgelo@tinypic.com,Shayla,Female,781,207.73.115.25,Gostridge
781,Sweden,09/02/2018,lfalkouslp@barnesandnoble.com,Leupold,Male,782,126.157.232.108,Falkous
782,China,24/09/2018,dwilderspoonlq@1und1.de,Davey,Male,783,59.112.34.12,Wilderspoon
783,Poland,28/06/2018,tmorstonlr@multiply.com,Terence,Male,784,42.60.69.174,Morston
784,Japan,19/05/2018,abenzingls@latimes.com,Alexandro,Male,785,182.176.115.1,Benzing
785,Poland,31/08/2018,amcdonoghlt@tinypic.com,Anton,Male,786,202.6.248.22,McDonogh
786,Zambia,19/11/2017,gscrancherlu@tmall.com,Gasper,Male,787,61.98.212.53,Scrancher
787,Poland,18/11/2017,mweymanlv@gravatar.com,Major,Male,788,147.2.55.67,Weyman
788,Mongolia,11/06/2018,lpedrolilw@icq.com,Leonerd,Male,789,190.246.119.181,Pedroli
789,China,04/09/2018,bburridgelx@ow.ly,Brook,Male,790,48.70.178.98,Burridge
790,Poland,10/08/2018,nzecchettily@unc.edu,Neilla,Female,791,113.14.233.203,Zecchetti
791,Norway,30/09/2017,sthroughtonlz@cbc.ca,Sallee,Female,792,25.187.4.100,Throughton
792,Portugal,25/03/2018,dantonikm0@hc360.com,Darda,Female,793,130.188.115.253,Antonik
793,Brazil,27/06/2018,roglassanem1@cocolog-nifty.com,Rodina,Female,794,157.220.133.101,O'Glassane
794,Portugal,20/04/2018,epetowm2@e-recht24.de,Eal,Male,795,41.148.254.90,Petow
795,Russia,03/04/2018,aendicottm3@eventbrite.com,Alexandrina,Female,796,39.225.130.67,Endicott
796,Indonesia,24/03/2018,ihaglingtonm4@scientificamerican.com,Ilysa,Female,797,210.10.49.242,Haglington
797,Croatia,13/10/2017,emccoolem5@admin.ch,Ev,Male,798,220.157.169.189,McCoole
798,Greece,03/08/2018,abowlesm6@washingtonpost.com,Aluino,Male,799,171.10.217.32,Bowles
799,China,18/04/2018,dfriedankm7@mayoclinic.com,Darda,Female,800,49.19.25.94,Friedank
800,China,01/01/2018,trowenm8@toplist.cz,Tull,Male,801,140.167.228.234,Rowen
801,Armenia,13/01/2018,mrameaum9@squarespace.com,Morna,Female,802,13.216.155.105,Rameau
802,Argentina,25/07/2018,ngaraghanma@wikimedia.org,Nada,Female,803,61.107.0.37,Garaghan
803,Sweden,23/10/2017,dcoffeymb@ask.com,Dona,Female,804,163.181.186.228,Coffey
804,Indonesia,13/09/2018,dsumptermc@mac.com,Dierdre,Female,805,50.213.91.17,Sumpter
805,Czech Republic,08/04/2018,shullmd@etsy.com,Silvana,Female,806,42.8.26.174,Hull
806,Brazil,21/02/2018,rrowselme@amazon.com,Rudd,Male,807,141.253.66.112,Rowsel
807,Macedonia,06/05/2018,rharmarmf@prlog.org,Renelle,Female,808,33.230.211.236,Harmar
808,Ethiopia,17/01/2018,aleggonmg@upenn.edu,Amos,Male,809,235.35.116.54,Leggon
809,Honduras,17/08/2018,cstearnemh@tmall.com,Candace,Female,810,185.57.229.185,Stearne
810,China,28/05/2018,rabbettmi@wp.com,Ruthy,Female,811,240.122.185.240,Abbett
811,Pakistan,03/03/2018,rlitelmj@techcrunch.com,Rainer,Male,812,42.103.223.94,Litel
812,Jamaica,11/09/2018,snicemk@de.vu,Sarine,Female,813,94.231.166.11,Nice
813,China,06/05/2018,wtomlinsml@opera.com,Willyt,Female,814,199.33.113.18,Tomlins
814,Indonesia,26/05/2018,mdooneymm@infoseek.co.jp,Melloney,Female,815,191.195.94.227,Dooney
815,China,16/01/2018,vchokemn@hexun.com,Virgie,Male,816,167.43.54.179,Choke
816,Indonesia,01/12/2017,kbabinskimo@geocities.jp,Kalinda,Female,817,206.51.201.210,Babinski
817,Sierra Leone,26/02/2018,ebaughenmp@typepad.com,Ernestine,Female,818,228.241.170.52,Baughen
818,China,02/07/2018,drayntonmq@discuz.net,Daniela,Female,819,31.13.179.9,Raynton
819,Greece,24/01/2018,bmucklemr@examiner.com,Brodie,Male,820,41.194.119.102,Muckle
820,Indonesia,11/07/2018,sskpseyms@aol.com,Skylar,Male,821,28.48.220.210,Skpsey
821,Philippines,14/03/2018,lburletonmt@nps.gov,Leicester,Male,822,135.159.250.241,Burleton
822,China,19/01/2018,mdalymu@livejournal.com,Merralee,Female,823,62.59.204.8,Daly
823,Egypt,09/09/2018,ecassimermv@skype.com,Elia,Male,824,4.241.211.134,Cassimer
824,Poland,30/11/2017,dcoltenmw@java.com,Devina,Female,825,195.227.174.120,Colten
825,Macedonia,23/11/2017,haldiemx@xrea.com,Humfrid,Male,826,24.61.160.60,Aldie
826,Sweden,25/12/2017,rmorbeymy@merriam-webster.com,Raeann,Female,827,195.79.186.14,Morbey
827,Bangladesh,13/03/2018,cgrisenthwaitemz@vk.com,Corey,Female,828,198.167.123.230,Grisenthwaite
828,Russia,04/10/2017,ltumbeltyn0@opensource.org,Lars,Male,829,142.85.167.96,Tumbelty
829,Nepal,16/11/2017,jjochenn1@geocities.com,Jerrylee,Female,830,185.181.130.112,Jochen
830,Russia,27/07/2018,ahunnywelln2@sourceforge.net,Amandi,Female,831,230.59.139.157,Hunnywell
831,Russia,13/05/2018,sabberleyn3@163.com,Scarface,Male,832,61.67.243.124,Abberley
832,Bulgaria,18/03/2018,bbunclarkn4@nbcnews.com,Beilul,Female,833,119.42.221.94,Bunclark
833,China,19/09/2018,gpinkettn5@cdc.gov,Gorden,Male,834,150.167.27.175,Pinkett
834,Greece,07/03/2018,rlibbyn6@flickr.com,Reinaldos,Male,835,144.40.238.22,Libby
835,China,25/08/2018,delwardn7@jugem.jp,Dilly,Male,836,145.208.173.163,Elward
836,Egypt,22/02/2018,jsoignen8@technorati.com,Jere,Female,837,238.224.142.155,Soigne
837,China,04/07/2018,lbillingsleyn9@seattletimes.com,Liana,Female,838,25.103.211.227,Billingsley
838,Indonesia,17/07/2018,achetwindna@technorati.com,Aksel,Male,839,79.242.193.229,Chetwind
839,Indonesia,14/04/2018,cdulennb@buzzfeed.com,Chiquia,Female,840,88.255.247.157,Dulen
840,Venezuela,14/10/2017,nmacmorlandnc@1und1.de,Nickola,Male,841,244.108.225.140,MacMorland
841,Iran,27/02/2018,ckiknd@fc2.com,Corbie,Male,842,11.223.151.181,Kik
842,Japan,22/08/2018,vetherseyne@cnn.com,Valentine,Female,843,106.115.125.185,Ethersey
843,China,20/09/2018,pdevonshirenf@ox.ac.uk,Paquito,Male,844,24.176.178.217,Devonshire
844,New Zealand,09/04/2018,qbillingeng@businessweek.com,Querida,Female,845,191.69.51.150,Billinge
845,China,10/07/2018,omackimmnh@histats.com,Olly,Female,846,174.174.158.129,MacKimm
846,Russia,30/09/2017,dstockillni@google.ru,Doe,Female,847,18.164.200.250,Stockill
847,Indonesia,08/01/2018,avedeshkinnj@weibo.com,Archambault,Male,848,189.223.65.16,Vedeshkin
848,China,10/05/2018,mthickingnk@theguardian.com,Myrtle,Female,849,94.109.8.72,Thicking
849,Brazil,01/05/2018,gfrancaisnl@sogou.com,Granger,Male,850,133.172.78.72,Francais
850,Philippines,13/11/2017,smccullochnm@addtoany.com,Sharyl,Female,851,193.231.159.198,McCulloch
851,Indonesia,24/03/2018,cbumphriesnn@deviantart.com,Cloris,Female,852,254.62.46.174,Bumphries
852,Bolivia,23/12/2017,jduntonno@t.co,Jada,Female,853,10.70.105.161,Dunton
853,China,22/08/2018,cvasinnp@mail.ru,Clarisse,Female,854,75.184.200.178,Vasin
854,China,24/04/2018,lboheynq@samsung.com,Lion,Male,855,192.236.31.152,Bohey
855,Philippines,12/01/2018,bmcauleynr@fema.gov,Bab,Female,856,92.4.65.15,McAuley
856,Afghanistan,27/04/2018,cbulchns@last.fm,Carry,Female,857,26.107.236.213,Bulch
857,Botswana,13/08/2018,dlitherlandnt@usda.gov,Debora,Female,858,183.117.16.123,Litherland
858,Czech Republic,29/06/2018,gdarrownu@cnn.com,Grenville,Male,859,234.205.153.244,Darrow
859,Russia,08/03/2018,jsimmondsnv@youku.com,Jacqueline,Female,860,35.159.213.39,Simmonds
860,Philippines,16/01/2018,bbonnavantnw@boston.com,Barrie,Male,861,161.177.190.36,Bonnavant
861,Benin,18/08/2018,rgambrellnx@army.mil,Rockey,Male,862,56.59.176.98,Gambrell
862,Russia,04/07/2018,acampesny@sfgate.com,Arlina,Female,863,186.131.230.44,Campes
863,Russia,17/12/2017,owolfartnz@alexa.com,Osmund,Male,864,62.117.203.77,Wolfart
864,Poland,09/02/2018,bmillinso0@nasa.gov,Beau,Male,865,252.102.92.209,Millins
865,Portugal,31/03/2018,rdaniso1@dailymail.co.uk,Roslyn,Female,866,110.205.61.100,Danis
866,Nigeria,11/06/2018,sbeecrafto2@mozilla.com,Shirlene,Female,867,120.135.230.110,Beecraft
867,China,26/04/2018,tsnaselo3@booking.com,Traver,Male,868,230.107.47.19,Snasel
868,China,20/04/2018,cgoodbanneo4@spotify.com,Carolyn,Female,869,197.233.39.122,Goodbanne
869,Peru,31/08/2018,gbotheo5@exblog.jp,George,Male,870,174.210.106.47,Bothe
870,Myanmar,03/08/2018,cnicholsono6@buzzfeed.com,Charmane,Female,871,128.82.148.74,Nicholson
871,Ukraine,14/02/2018,adiggino7@pcworld.com,Adora,Female,872,159.153.75.145,Diggin
872,Indonesia,08/01/2018,cmelatoo8@aboutads.info,Claudianus,Male,873,97.84.216.163,Melato
873,Liberia,08/06/2018,dsansomeo9@columbia.edu,Dorothea,Female,874,0.127.97.88,Sansome
874,Philippines,13/08/2018,dnevilleoa@washington.edu,Demeter,Female,875,130.16.45.124,Neville
875,Indonesia,29/12/2017,kscampionob@sfgate.com,Kathryn,Female,876,141.173.77.5,Scampion
876,China,05/08/2018,isalleoc@microsoft.com,Iosep,Male,877,37.126.13.122,Salle
877,Luxembourg,22/04/2018,bklouzod@opensource.org,Blayne,Male,878,85.106.90.161,Klouz
878,United States,17/12/2017,ktebaldoe@ehow.com,Kylen,Female,879,166.40.130.156,Tebald
879,South Africa,29/04/2018,eanelayof@imgur.com,Emmerich,Male,880,45.251.119.34,Anelay
880,Vietnam,08/05/2018,pmaassog@about.com,Pryce,Male,881,103.11.101.190,Maass
881,China,13/05/2018,gvirgooh@de.vu,Gilberta,Female,882,231.179.50.217,Virgo
882,Thailand,20/09/2018,jlennardoi@unicef.org,Joannes,Female,883,223.55.88.128,Lennard
883,Indonesia,12/07/2018,nnoeoj@icio.us,Nikolia,Female,884,70.48.135.88,Noe
884,China,16/12/2017,femmersonok@pinterest.com,Frasco,Male,885,1.74.3.75,Emmerson
885,Ukraine,12/10/2017,bmintrimol@google.nl,Benedick,Male,886,95.90.112.243,Mintrim
886,Indonesia,23/11/2017,afydoeom@java.com,Amberly,Female,887,102.21.49.229,Fydoe
887,France,19/11/2017,ecrowderon@google.co.uk,Edwina,Female,888,138.92.182.48,Crowder
888,China,30/07/2018,shallbirdoo@free.fr,Silas,Male,889,171.161.212.117,Hallbird
889,Nigeria,24/05/2018,htilleop@sciencedirect.com,Horacio,Male,890,127.234.241.54,Tille
890,China,16/05/2018,chowshipoq@exblog.jp,Cariotta,Female,891,42.173.198.133,Howship
891,Yemen,14/01/2018,charteganor@over-blog.com,Chester,Male,892,44.196.216.213,Hartegan
892,China,04/12/2017,bpolleros@aboutads.info,Benyamin,Male,893,229.54.67.88,Poller
893,China,29/07/2018,tpembleot@wikipedia.org,Trever,Male,894,107.222.135.213,Pemble
894,Nigeria,20/12/2017,koffordou@webmd.com,Kori,Female,895,223.129.240.139,Offord
895,China,15/06/2018,hbulgerov@tripod.com,Hobard,Male,896,187.183.20.63,Bulger
896,Czech Republic,21/05/2018,jwoolwardow@hatena.ne.jp,Jason,Male,897,134.141.236.236,Woolward
897,Russia,19/12/2017,mraweox@stumbleupon.com,Merl,Female,898,0.58.236.76,Rawe
898,China,28/08/2018,wsidleoy@smh.com.au,Wrennie,Female,899,49.154.156.204,Sidle
899,China,09/10/2017,fduttoz@abc.net.au,Filippo,Male,900,226.10.89.91,Dutt
900,China,03/05/2018,ccampagnep0@newyorker.com,Caprice,Female,901,233.181.148.72,Campagne
901,Poland,20/01/2018,wpighillsp1@ted.com,Winifield,Male,902,81.115.180.68,Pighills
902,Colombia,18/01/2018,aokip2@patch.com,Agnella,Female,903,39.182.210.118,Oki
903,Russia,04/11/2017,tmateescup3@smh.com.au,Troy,Male,904,46.149.75.105,Mateescu
904,China,23/12/2017,mstokesp4@myspace.com,Marleah,Female,905,112.226.38.130,Stokes
905,Tajikistan,21/06/2018,bbazellep5@earthlink.net,Brandea,Female,906,223.166.23.246,Bazelle
906,Portugal,10/06/2018,fdunnp6@businessweek.com,Forrester,Male,907,232.26.15.126,Dunn
907,China,05/04/2018,tmillionsp7@ft.com,Trevar,Male,908,152.130.192.199,Millions
908,Poland,17/01/2018,lhaddletonp8@bizjournals.com,Lovell,Male,909,198.224.52.111,Haddleton
909,China,13/06/2018,bgatleyp9@issuu.com,Briney,Female,910,112.2.69.93,Gatley
910,Russia,27/10/2017,aalbertpa@imageshack.us,Archy,Male,911,148.120.163.128,Albert
911,Armenia,10/07/2018,mpopplestonpb@reddit.com,Marylinda,Female,912,226.98.255.129,Poppleston
912,China,11/03/2018,ndurganpc@unicef.org,Nadia,Female,913,165.138.187.218,Durgan
913,China,08/08/2018,kveschambespd@bloglovin.com,Kendal,Male,914,38.176.242.105,Veschambes
914,Yemen,11/03/2018,ksnarpe@engadget.com,Kandace,Female,915,251.183.145.146,Snar
915,Albania,13/04/2018,jzolinipf@washington.edu,Jimmy,Male,916,149.140.241.230,Zolini
916,Greece,16/11/2017,bdeeringpg@usnews.com,Berget,Female,917,228.238.75.103,Deering
917,Bolivia,01/10/2017,tbalsdoneph@mapy.cz,Tan,Male,918,63.115.221.47,Balsdone
918,Philippines,14/08/2018,qresdalepi@zdnet.com,Quintin,Male,919,141.61.192.58,Resdale
919,Ecuador,13/04/2018,rhamilpj@sogou.com,Rice,Male,920,65.215.157.13,Hamil
920,China,06/07/2018,ecasillaspk@sciencedaily.com,Emyle,Female,921,171.17.51.47,Casillas
921,Poland,18/06/2018,eguerreiropl@godaddy.com,Elianore,Female,922,191.236.239.219,Guerreiro
922,Indonesia,07/10/2017,gsherringtonpm@nifty.com,Ginnifer,Female,923,196.228.148.115,Sherrington
923,China,11/10/2017,ashakesbyepn@chron.com,Annmarie,Female,924,20.139.88.150,Shakesbye
924,Brazil,25/09/2018,mpeagrampo@barnesandnoble.com,Marcellus,Male,925,108.146.177.34,Peagram
925,China,24/01/2018,ddeniscopp@php.net,Doe,Female,926,32.254.128.203,De Nisco
926,Bulgaria,27/09/2018,bcrosskellpq@dot.gov,Brad,Male,927,125.165.127.248,Crosskell
927,Poland,06/11/2017,okloisnerpr@symantec.com,Ogden,Male,928,86.153.107.105,Kloisner
928,France,13/04/2018,dbroadhurstps@zimbio.com,Donn,Male,929,186.129.183.159,Broadhurst
929,Canada,09/11/2017,ndavidspt@who.int,Norine,Female,930,137.217.193.218,Davids
930,South Korea,09/03/2018,vcreamenpu@auda.org.au,Val,Female,931,55.192.86.204,Creamen
931,Poland,20/09/2018,preddinpv@spiegel.de,Purcell,Male,932,25.58.164.68,Reddin
932,China,26/03/2018,gcarrenpw@hubpages.com,Guilbert,Male,933,158.45.201.0,Carren
933,China,29/12/2017,dmckunepx@ucla.edu,Dulcine,Female,934,73.60.222.132,McKune
934,China,17/08/2018,rvedeniktovpy@google.com.br,Rebecka,Female,935,8.12.13.130,Vedeniktov
935,Poland,19/05/2018,ddeeganpz@seattletimes.com,Dirk,Male,936,13.84.102.109,Deegan
936,Mexico,25/09/2018,ngillittq0@liveinternet.ru,Nerissa,Female,937,197.125.185.202,Gillitt
937,Philippines,17/04/2018,egrievesq1@washington.edu,Evania,Female,938,225.225.128.179,Grieves
938,Indonesia,13/02/2018,rhuddleq2@cisco.com,Ronni,Female,939,183.112.81.26,Huddle
939,Philippines,13/07/2018,wsydenhamq3@fema.gov,Wilmar,Male,940,7.34.190.4,Sydenham
940,Vietnam,05/07/2018,akrzyzaniakq4@github.com,Afton,Female,941,71.205.95.186,Krzyzaniak
941,Morocco,08/02/2018,grohlfsq5@oracle.com,Garrot,Male,942,60.251.178.113,Rohlfs
942,Philippines,31/10/2017,vricardetq6@arizona.edu,Verge,Male,943,185.165.3.240,Ricardet
943,Ivory Coast,09/06/2018,dfrancieq7@dailymail.co.uk,Deva,Female,944,103.125.98.91,Francie
944,China,22/09/2018,graynhamq8@meetup.com,Genni,Female,945,14.98.177.118,Raynham
945,Argentina,27/05/2018,esnooksq9@edublogs.org,Etty,Female,946,55.155.231.17,Snooks
946,Portugal,30/09/2017,kemmattqa@homestead.com,Kara,Female,947,46.112.179.70,Emmatt
947,Honduras,26/09/2018,dedwickerqb@craigslist.org,Darryl,Female,948,205.8.38.91,Edwicker
948,Brazil,11/09/2018,kbeeckerqc@cafepress.com,Kipp,Female,949,83.178.205.15,Beecker
949,Philippines,10/01/2018,tglaisnerqd@wiley.com,Trip,Male,950,12.254.190.86,Glaisner
950,Argentina,13/01/2018,wsimonaitisqe@nsw.gov.au,Wainwright,Male,951,3.183.96.229,Simonaitis
951,Argentina,18/07/2018,hmcmakinqf@amazonaws.com,Haleigh,Female,952,40.171.50.234,McMakin
952,Argentina,23/03/2018,kcamfieldqg@mozilla.org,Kerry,Female,953,143.28.198.155,Camfield
953,Indonesia,09/10/2017,emaharryqh@google.com.au,Elwood,Male,954,147.141.74.166,Maharry
954,Indonesia,29/10/2017,istebbinqi@sakura.ne.jp,Isidro,Male,955,61.72.107.12,Stebbin
955,Indonesia,05/01/2018,msoggeeqj@istockphoto.com,Monti,Male,956,1.24.201.241,Soggee
956,Tunisia,07/04/2018,mgiacomoniqk@usa.gov,Muire,Female,957,251.144.228.59,Giacomoni
957,China,07/07/2018,dsilversql@craigslist.org,Dallis,Male,958,120.61.101.90,Silvers
958,Indonesia,20/09/2018,nschroterqm@wordpress.org,Noellyn,Female,959,188.51.239.20,Schroter
959,Indonesia,25/08/2018,ntollqn@wordpress.com,Nahum,Male,960,219.58.30.126,Toll
960,Brazil,30/10/2017,mrusbridgeqo@icio.us,Megen,Female,961,21.33.7.75,Rusbridge
961,Indonesia,02/11/2017,ewaggeqp@wired.com,Editha,Female,962,20.184.127.69,Wagge
962,Portugal,23/09/2018,trickettqq@github.io,Taddeo,Male,963,183.35.104.146,Rickett
963,Brazil,07/12/2017,ljovicevicqr@hostgator.com,Leighton,Male,964,169.218.189.145,Jovicevic
964,Russia,12/05/2018,bgwytherqs@rambler.ru,Birk,Male,965,1.22.148.220,Gwyther
965,Indonesia,21/06/2018,kguslonqt@dropbox.com,Kenyon,Male,966,97.77.43.192,Guslon
966,Russia,18/04/2018,dmarunchakqu@apple.com,Drugi,Male,967,177.180.148.69,Marunchak
967,Saudi Arabia,23/03/2018,jhorribineqv@cdbaby.com,Joshia,Male,968,43.177.235.128,Horribine
968,Sweden,29/07/2018,mfleemanqw@oakley.com,Marketa,Female,969,5.13.51.139,Fleeman
969,Philippines,10/05/2018,lcahanqx@constantcontact.com,Lilli,Female,970,245.243.239.63,Cahan
970,North Korea,09/01/2018,fbonnickqy@oaic.gov.au,Felice,Male,971,243.158.193.212,Bonnick
971,China,24/05/2018,mmajuryqz@tiny.cc,Morrie,Male,972,142.233.49.255,Majury
972,Netherlands,04/02/2018,aclinkr0@godaddy.com,Aloysius,Male,973,151.158.104.115,Clink
973,Thailand,22/07/2018,wcoker1@hubpages.com,Waiter,Male,974,169.216.246.66,Coke
974,Czech Republic,02/06/2018,mhucquartr2@4shared.com,Maxwell,Male,975,130.29.241.84,Hucquart
975,Japan,21/10/2017,zstevensr3@apple.com,Zaccaria,Male,976,172.39.199.50,Stevens
976,Indonesia,21/08/2018,rboultwoodr4@mashable.com,Rosanne,Female,977,93.142.162.234,Boultwood
977,Philippines,26/05/2018,kzuponer5@japanpost.jp,Kinny,Male,978,213.154.163.85,Zupone
978,Canada,11/01/2018,blakendenr6@eventbrite.com,Berri,Female,979,52.192.230.231,Lakenden
979,Sweden,17/01/2018,hpedroccor7@rakuten.co.jp,Humfrid,Male,980,18.68.2.22,Pedrocco
980,Philippines,06/06/2018,gcunnaner8@moonfruit.com,Guido,Male,981,14.221.12.181,Cunnane
981,Thailand,02/07/2018,sbirnier9@engadget.com,Smith,Male,982,181.164.45.113,Birnie
982,Iran,18/07/2018,telcombra@g.co,Thomasine,Female,983,75.244.138.123,Elcomb
983,China,25/09/2018,jadeyrb@dailymotion.com,Jammal,Male,984,177.202.69.231,Adey
984,Philippines,29/08/2018,rdepaolirc@archive.org,Rosco,Male,985,133.99.12.62,De Paoli
985,Russia,16/01/2018,iroonyrd@vimeo.com,Ileana,Female,986,26.76.184.8,Roony
986,Germany,08/08/2018,jkinderre@tuttocitta.it,Julio,Male,987,28.18.229.5,Kinder
987,Canada,15/06/2018,cwakefieldrf@nasa.gov,Cahra,Female,988,34.36.237.221,Wakefield
988,China,12/06/2018,sortetrg@intel.com,Sophronia,Female,989,199.146.26.146,Ortet
989,Sri Lanka,28/07/2018,pmocherrh@ca.gov,Prince,Male,990,221.122.209.34,Mocher
990,Poland,14/08/2018,sobroganeri@hatena.ne.jp,Sharon,Female,991,112.141.77.74,O'Brogane
991,Greece,17/02/2018,bivakinrj@soup.io,Babb,Female,992,101.104.220.230,Ivakin
992,Poland,10/12/2017,lmacdunlevyrk@ifeng.com,Levon,Male,993,182.34.237.95,MacDunlevy
993,China,05/11/2017,gwinterbottomrl@yahoo.co.jp,Garry,Male,994,193.234.11.101,Winterbottom
994,Indonesia,20/12/2017,cboundleyrm@qq.com,Cristian,Male,995,158.196.168.176,Boundley
995,Ukraine,06/01/2018,rghiriardellirn@liveinternet.ru,Ruthann,Female,996,171.195.155.134,Ghiriardelli
996,China,15/08/2018,mrolancero@reference.com,Marsha,Female,997,203.21.59.201,Rolance
997,Tajikistan,30/09/2017,heynaudrp@networkadvertising.org,Harmonia,Female,998,97.155.41.195,Eynaud
998,Indonesia,03/07/2018,rfanthomrq@unblog.fr,Renault,Male,999,81.46.114.93,Fanthom
999,Chile,24/11/2017,kbeabyrr@blogspot.com,Kaine,Male,1000,211.179.85.9,Beaby
